"","ACHY","AMID","ARPU9","ARTR2","ARTR2.D","ATCA2","ATCA2.D","Bare.Soil","BOGR2","BOGR2.D","BRTE","CHLE4","CHVI8","CHVI8.D","ECCOC","ELEL5","EPVI","ERCI6","GRFA","GUSA2","GUSA2.D","HECO26","HECO26.D","JUOS","KRLA2","LEMO2","OPPO","OPPO.D","PEPU7","PHAU3","PIED","PIED.D","PLPA2","SALSO","SPCR","SPCR.D","CLLU2","LAOC3","SALSO.D","SPCO","HIJA"
"1",0,0,0,0,0,0,0,0.166666666666667,0,0,0,0,0.0333333333333333,0.0222222222222222,0,0,0,0,0,0,0,0,0,0.0666666666666667,0,0,0,0,0,0,0.211111111111111,0,0,0,0,0,0,0,0,0,0
"2",0.0777777777777778,0,0,0.0111111111111111,0.0222222222222222,0,0,0.366666666666667,0.1,0,0,0,0.0222222222222222,0,0,0,0,0,0,0,0,0.188888888888889,0,0.244444444444444,0,0.0222222222222222,0,0,0,0,0.188888888888889,0.0222222222222222,0,0,0.0777777777777778,0.0111111111111111,0,0,0,0,0
"10",0.0111111111111111,0,0,0,0.0222222222222222,0,0,0.3,0.0222222222222222,0,0,0,0,0,0,0,0,0,0,0.0333333333333333,0,0.0777777777777778,0.0111111111111111,0.211111111111111,0,0,0,0,0,0,0.355555555555556,0,0,0,0.0111111111111111,0,0,0,0,0,0
"11",0,0,0,0,0,0.133333333333333,0,0.266666666666667,0,0,0,0,0,0,0,0,0,0,0,0,0,0.0555555555555556,0,0,0,0,0,0,0,0,0,0,0,0,0.922222222222222,0.0333333333333333,0,0,0,0,0
"12",0,0,0,0,0,0,0,0.411111111111111,0,0,0,0,0,0,0,0,0,0,0,0,0,0,0,0.322222222222222,0,0.0111111111111111,0,0,0,0,0.311111111111111,0,0,0,0,0,0,0,0,0,0
"14",0.0111111111111111,0,0,0,0,0,0,0.177777777777778,0,0,0,0,0.0222222222222222,0,0,0,0,0,0,0.0222222222222222,0.0111111111111111,0,0,0.177777777777778,0,0.0111111111111111,0,0,0.0333333333333333,0.0111111111111111,0.288888888888889,0.0111111111111111,0,0,0,0,0,0,0,0,0
"15",0,0,0,0,0,0,0,0.233333333333333,0,0,0,0,0,0,0,0,0,0,0,0.0222222222222222,0,0,0,0.2,0,0.0222222222222222,0,0,0.0333333333333333,0.0111111111111111,0.166666666666667,0.0111111111111111,0,0,0,0,0,0,0,0,0
"16",0.0111111111111111,0,0,0,0,0.0222222222222222,0.0111111111111111,0.311111111111111,0.222222222222222,0.0111111111111111,0,0,0,0,0,0,0,0,0,0.0444444444444444,0,0.566666666666667,0,0.0222222222222222,0,0,0.0111111111111111,0,0,0,0.144444444444444,0,0,0,0,0,0,0,0,0,0
"17",0,0,0,0,0,0,0,0.344444444444444,0,0,0,0,0,0,0,0,0,0,0,0.0111111111111111,0,0,0,0.266666666666667,0,0,0,0,0,0,0.277777777777778,0.0333333333333333,0,0,0,0,0,0,0,0,0
"18",0,0,0,0,0,0,0,0.255555555555556,0,0,0,0,0,0,0,0,0,0,0,0.0222222222222222,0.0111111111111111,0.0111111111111111,0,0.0777777777777778,0,0,0,0,0.0444444444444444,0.0111111111111111,0.377777777777778,0,0,0,0,0,0,0,0,0,0
"19",0.0111111111111111,0,0,0.244444444444444,0.0333333333333333,0.0222222222222222,0,0.5,0.4,0.0555555555555556,0,0.0111111111111111,0,0,0,0,0.0222222222222222,0,0,0,0,0.233333333333333,0.0111111111111111,0,0,0,0,0,0,0,0,0,0,0,0.0111111111111111,0,0,0,0,0,0
"20",0,0,0,0,0,0,0,0.588888888888889,0.2,0.0111111111111111,0,0,0.0444444444444444,0.0111111111111111,0,0.0222222222222222,0,0,0,0,0,0.422222222222222,0,0,0.0111111111111111,0,0,0,0,0,0.311111111111111,0,0,0,0,0,0,0,0,0,0
"21",0.0333333333333333,0,0,0,0.0222222222222222,0.0444444444444444,0,0.222222222222222,0.233333333333333,0,0,0,0,0,0,0,0,0,0,0,0,0.622222222222222,0,0,0,0,0,0,0,0,0,0,0,0,0.0111111111111111,0,0,0,0,0,0
"23",0,0,0,0,0,0.0666666666666667,0,0.522222222222222,0.411111111111111,0.0333333333333333,0.0333333333333333,0,0,0,0,0,0,0,0,0.0111111111111111,0.0333333333333333,0.122222222222222,0,0,0.0222222222222222,0,0,0,0,0,0,0,0,0,0.0333333333333333,0,0,0,0,0,0
"24",0,0,0,0.0666666666666667,0.0333333333333333,0.0111111111111111,0,0.466666666666667,0.177777777777778,0,0,0,0.0111111111111111,0,0,0,0.0111111111111111,0,0,0,0,0.4,0.0222222222222222,0.0111111111111111,0,0,0,0,0,0,0,0,0,0,0.0444444444444444,0,0,0,0,0,0
"32",0,0,0,0,0.0111111111111111,0.0444444444444444,0,0.4,0.744444444444444,0.0777777777777778,0.0111111111111111,0,0,0,0,0,0,0,0,0,0,0.0555555555555556,0,0,0.0333333333333333,0,0.0777777777777778,0,0,0,0,0,0,0,0.177777777777778,0,0,0,0,0,0
"33",0.0333333333333333,0,0,0.0111111111111111,0,0,0,0.2,0,0,0,0,0,0,0,0,0,0,0,0,0,0,0,0.188888888888889,0,0.0111111111111111,0,0,0.0444444444444444,0.0111111111111111,0.188888888888889,0.211111111111111,0,0,0,0,0,0,0,0,0
"38",0,0,0,0.0444444444444444,0,0.0555555555555556,0,0.433333333333333,0.588888888888889,0,0,0,0.155555555555556,0,0,0,0,0,0,0,0.0222222222222222,0.266666666666667,0,0,0,0,0,0,0,0,0,0,0,0,0.0444444444444444,0,0,0,0,0,0
"39",0,0,0.0222222222222222,0,0,0,0,0.166666666666667,0.0888888888888889,0.0111111111111111,0,0,0,0,0.0111111111111111,0,0,0,0,0,0.0444444444444444,0,0,0.166666666666667,0,0,0.0222222222222222,0,0,0,0.322222222222222,0.0777777777777778,0,0,0,0,0,0,0,0,0
"40",0.0111111111111111,0,0,0.0222222222222222,0.0333333333333333,0.0777777777777778,0,0.222222222222222,0.366666666666667,0.0333333333333333,0.0111111111111111,0,0,0,0,0,0,0,0,0.0333333333333333,0,0.388888888888889,0,0,0,0,0,0,0,0,0,0,0,0,0.2,0,0,0,0,0,0
"42",0,0,0,0.0444444444444444,0.0666666666666667,0.0444444444444444,0.0111111111111111,0.3,0.522222222222222,0,0,0.0111111111111111,0.0333333333333333,0,0,0,0.0111111111111111,0,0,0,0,0.422222222222222,0.0222222222222222,0.0333333333333333,0,0,0.0222222222222222,0,0,0,0,0,0,0,0,0,0,0,0,0,0
"43",0,0,0,0.122222222222222,0,0,0,0.344444444444444,0.377777777777778,0.0111111111111111,0,0.0222222222222222,0,0,0,0,0,0.0111111111111111,0.0888888888888889,0,0.0111111111111111,0.311111111111111,0,0,0,0,0.0444444444444444,0,0,0,0,0,0,0,0.0666666666666667,0,0,0,0,0,0
"44",0,0,0,0.0111111111111111,0.111111111111111,0,0,0.344444444444444,0.177777777777778,0.0222222222222222,0,0,0.288888888888889,0.0111111111111111,0,0,0,0,0,0,0,0.288888888888889,0,0.155555555555556,0,0,0,0,0,0.0111111111111111,0.122222222222222,0.0111111111111111,0,0,0.144444444444444,0,0,0,0,0,0
"47",0.0333333333333333,0,0,0.0111111111111111,0.0666666666666667,0.0222222222222222,0,0.355555555555556,0.533333333333333,0.0444444444444444,0,0,0.0555555555555556,0,0,0,0.0111111111111111,0,0,0,0.0444444444444444,0.155555555555556,0,0,0,0,0,0,0,0,0.211111111111111,0,0,0,0.0444444444444444,0,0,0,0,0,0
"48",0.0333333333333333,0,0,0.133333333333333,0.0222222222222222,0.0222222222222222,0.0333333333333333,0.344444444444444,0.333333333333333,0,0,0,0.0888888888888889,0,0,0,0,0,0,0,0,0.255555555555556,0,0,0,0,0,0,0,0,0,0,0,0,0.277777777777778,0,0,0,0,0,0
"50",0.0555555555555556,0,0,0.111111111111111,0.0777777777777778,0.122222222222222,0.0111111111111111,0.355555555555556,0,0,0.0111111111111111,0,0.0111111111111111,0,0,0,0,0,0,0,0,0.0111111111111111,0,0.133333333333333,0,0,0,0,0,0,0.377777777777778,0,0,0,0.211111111111111,0,0,0,0,0,0
"57",0.0222222222222222,0,0,0.0444444444444444,0.155555555555556,0,0.0333333333333333,0.277777777777778,0.111111111111111,0.0222222222222222,0,0,0,0,0,0,0,0,0,0.0111111111111111,0,0.666666666666667,0,0,0.0111111111111111,0,0,0,0,0,0,0,0,0.0111111111111111,0,0,0,0,0,0,0
"59",0.0111111111111111,0,0,0,0.0666666666666667,0.0111111111111111,0.0222222222222222,0.433333333333333,0.211111111111111,0.0111111111111111,0,0,0,0,0,0,0,0,0,0,0,0.0666666666666667,0,0,0.188888888888889,0,0,0,0,0,0,0,0,0,0.322222222222222,0,0,0,0,0,0
"60",0.0111111111111111,0,0,0.0222222222222222,0.144444444444444,0.0444444444444444,0,0.322222222222222,0.0888888888888889,0.0111111111111111,0,0,0,0,0,0,0,0,0,0,0,0.0333333333333333,0,0,0.133333333333333,0,0,0,0,0,0,0,0,0.0111111111111111,0.511111111111111,0.0444444444444444,0,0,0,0,0
"61",0.0555555555555556,0,0,0,0,0.0222222222222222,0,0.233333333333333,0.255555555555556,0.0222222222222222,0,0,0.0666666666666667,0,0,0,0,0,0,0.0111111111111111,0,0.0111111111111111,0,0.411111111111111,0,0.0111111111111111,0,0,0,0,0.188888888888889,0.0444444444444444,0,0,0,0,0,0,0,0,0
"67",0.0444444444444444,0,0,0,0,0.177777777777778,0.0222222222222222,0.166666666666667,0.511111111111111,0,0.0666666666666667,0,0,0,0,0,0,0,0,0,0,0.233333333333333,0,0.0555555555555556,0,0,0,0,0,0,0,0.0666666666666667,0,0,0.222222222222222,0,0,0,0,0,0
"68",0,0,0,0.0111111111111111,0.0333333333333333,0.0666666666666667,0.0444444444444444,0.388888888888889,0.344444444444444,0.0222222222222222,0.0222222222222222,0,0,0,0,0,0,0,0,0,0,0.0111111111111111,0,0,0.0777777777777778,0,0,0,0,0,0,0,0,0,0.366666666666667,0,0,0,0,0,0
"73",0,0,0,0,0.0666666666666667,0.0333333333333333,0.0222222222222222,0.266666666666667,0.611111111111111,0.0111111111111111,0.0444444444444444,0.0111111111111111,0,0,0,0,0,0,0,0,0.0111111111111111,0.533333333333333,0,0,0,0,0,0,0,0,0,0,0,0,0.0777777777777778,0,0,0,0,0,0
"77",0.1,0,0,0,0,0.0333333333333333,0,0.144444444444444,0.388888888888889,0,0.0222222222222222,0,0,0,0,0.0111111111111111,0,0,0,0.0111111111111111,0.0222222222222222,0.433333333333333,0.0111111111111111,0.0555555555555556,0,0,0,0,0,0,0.188888888888889,0.0222222222222222,0,0,0.0222222222222222,0,0,0,0,0,0
"80",0.0555555555555556,0,0,0.0333333333333333,0.0666666666666667,0,0,0.4,0.688888888888889,0.1,0,0,0,0,0,0,0.0222222222222222,0,0,0,0.0444444444444444,0.311111111111111,0,0.0111111111111111,0,0,0,0,0,0,0,0,0,0,0.0222222222222222,0,0,0,0,0,0
"82",0.0666666666666667,0,0,0,0.0666666666666667,0.0333333333333333,0,0.355555555555556,0.644444444444444,0.0222222222222222,0,0.0111111111111111,0.0555555555555556,0,0,0.0111111111111111,0,0,0,0,0,0.0777777777777778,0.0111111111111111,0,0,0,0,0,0,0,0,0,0,0,0.177777777777778,0,0,0,0,0,0
"90",0,0,0,0.0555555555555556,0.0333333333333333,0.0888888888888889,0,0.4,0.877777777777778,0.0222222222222222,0.0111111111111111,0.0111111111111111,0,0,0,0,0,0,0,0,0,0.0777777777777778,0,0,0,0,0.0222222222222222,0,0,0,0,0,0,0,0.0888888888888889,0,0,0,0,0,0
"B1_1",0,0,0,0.166666666666667,0.133333333333333,0,0.0111111111111111,0.3,0.155555555555556,0.0111111111111111,0,0,0,0,0.0111111111111111,0,0,0,0,0.0111111111111111,0.0111111111111111,0.0222222222222222,0,0,0.0444444444444444,0,0,0,0,0,0,0,0,0,1.95555555555556,0.0555555555555556,0,0,0,0,0
"B1_10",0,0,0,0.0333333333333333,0.0777777777777778,0,0,0.377777777777778,1.6,0.0888888888888889,0,0,0,0,0,0,0,0,0,0.1,0,0.277777777777778,0,0,0.0222222222222222,0,0,0,0,0,0,0,0,0,0.0222222222222222,0.0111111111111111,0,0,0,0,0
"B1_2",0,0,0,0,0,0.2,0,0.388888888888889,0.277777777777778,0,0.0222222222222222,0,0,0,0,0,0,0.0222222222222222,0,0.0444444444444444,0,0.222222222222222,0,0,0.0222222222222222,0,0.0444444444444444,0,0.0111111111111111,0,0,0,0,0.0111111111111111,1.23333333333333,0,0,0,0,0,0
"B1_3",0.0222222222222222,0,0.1,0,0,0.0666666666666667,0,0.688888888888889,0.244444444444444,0.0555555555555556,0.0222222222222222,0,0,0,0,0,0,0,0,0,0,0.0222222222222222,0,0,0.0222222222222222,0,0.244444444444444,0,0,0,0,0,0,0.0111111111111111,1.21111111111111,0,0,0,0.0111111111111111,0,0
"B1_4",0,0,0,0,0.0222222222222222,0.0555555555555556,0,0.433333333333333,0.255555555555556,0.0555555555555556,0.1,0.0111111111111111,0,0,0,0,0,0.0111111111111111,0,0,0,0,0,0,0.0333333333333333,0,0.0333333333333333,0,0,0,0,0,0,0,1.26666666666667,0.0111111111111111,0,0.111111111111111,0,0,0
"B1_5",0,0,0,0,0.0222222222222222,0.155555555555556,0,0.622222222222222,0.777777777777778,0.0222222222222222,0.0222222222222222,0,0,0,0,0,0,0,0,0,0.0111111111111111,0.188888888888889,0.0222222222222222,0,0,0,0,0,0,0,0,0,0,0,0.555555555555556,0.0222222222222222,0,0,0,0,0
"B1_6",0,0,0,0,0.0333333333333333,0.144444444444444,0,0.333333333333333,0.922222222222222,0.0555555555555556,0.0555555555555556,0.0111111111111111,0.0222222222222222,0,0,0.0111111111111111,0,0,0,0.0222222222222222,0,0.133333333333333,0,0,0,0,0.0111111111111111,0,0,0,0,0,0,0,0.911111111111111,0.0111111111111111,0,0,0,0,0
"B1_7",0.0555555555555556,0,0,0.288888888888889,0.133333333333333,0.0333333333333333,0,0.344444444444444,0.744444444444444,0.0444444444444444,0.0111111111111111,0.0222222222222222,0.0333333333333333,0,0,0,0,0,0.0222222222222222,0,0,0.1,0,0,0,0,0.0333333333333333,0,0,0,0,0,0.0111111111111111,0,0.777777777777778,0,0,0.0666666666666667,0,0,0
"B1_8",0,0.0111111111111111,0,0,0,0.0222222222222222,0,0.488888888888889,0.0111111111111111,0,0.0222222222222222,0,0,0,0,0.0111111111111111,0,0.0111111111111111,0,0,0,0,0,0,0.0111111111111111,0,0.0333333333333333,0,0,0,0,0,0.122222222222222,0,1.44444444444444,0,0.0111111111111111,0.177777777777778,0,0,0
"B1_9",0,0,0,0,0.0777777777777778,0,0,0.433333333333333,0.533333333333333,0.0222222222222222,0,0,0,0,0,0,0,0,0,0.0222222222222222,0,0.355555555555556,0,0,0,0,0.0111111111111111,0,0,0,0,0,0,0,1.18888888888889,0.0222222222222222,0,0,0,0,0
"B2_1",0,0.0444444444444444,0.0111111111111111,0,0,0,0,0.744444444444444,0.755555555555556,0.0444444444444444,0.0111111111111111,0,0,0,0,0,0,0,0,0,0,0.0777777777777778,0,0,0.111111111111111,0,0.166666666666667,0,0,0,0,0,0.0111111111111111,0,0.677777777777778,0,0.0111111111111111,0.0888888888888889,0,0,0
"B2_10",0,0,0,0.1,0.111111111111111,0,0,0.777777777777778,0.688888888888889,0.0444444444444444,0,0,0,0,0,0,0,0,0.0444444444444444,0,0,0.555555555555556,0.0222222222222222,0,0.0111111111111111,0,0,0,0,0,0,0,0,0,0.0666666666666667,0,0,0,0,0,0
"B2_2",0,0,0,0,0.1,0.0777777777777778,0,0.488888888888889,1.45555555555556,0.0111111111111111,0,0,0,0,0,0,0,0,0,0,0,0.277777777777778,0,0,0,0,0,0,0,0,0,0,0,0,0.366666666666667,0,0,0,0,0,0
"B2_4",0,0,0,0.0333333333333333,0.0333333333333333,0,0,0.333333333333333,1.21111111111111,0.0555555555555556,0.0111111111111111,0,0,0,0,0,0,0,0.0111111111111111,0,0,0.111111111111111,0,0,0.0555555555555556,0,0,0,0,0,0,0,0,0.0111111111111111,0.433333333333333,0.0333333333333333,0,0,0,0,0
"B2_5",0.0444444444444444,0,0,0,0.0666666666666667,0,0,0.388888888888889,1.17777777777778,0.0444444444444444,0,0,0,0,0,0,0,0,0,0,0.0111111111111111,0.211111111111111,0,0,0,0,0.0111111111111111,0,0,0,0,0,0,0,0.633333333333333,0.0222222222222222,0,0,0,0,0
"B2_6",0.0111111111111111,0,0,0,0.0111111111111111,0.0111111111111111,0,0.522222222222222,1.06666666666667,0.0333333333333333,0,0,0.1,0,0,0,0,0,0.0222222222222222,0,0,0.322222222222222,0,0,0.0111111111111111,0,0.0444444444444444,0,0,0,0,0,0.0111111111111111,0,0.233333333333333,0.0111111111111111,0,0,0,0,0
"B2_7",0.0111111111111111,0,0,0,0.2,0,0.0222222222222222,0.522222222222222,1.13333333333333,0.0333333333333333,0,0,0.0111111111111111,0,0.0111111111111111,0,0,0,0,0.0111111111111111,0.0111111111111111,0.188888888888889,0,0,0,0.0111111111111111,0,0,0,0,0,0,0,0,0.366666666666667,0,0,0.0222222222222222,0,0,0
"B2_8",0,0,0,0,0,0,0,0.922222222222222,0.588888888888889,0.166666666666667,0,0,0,0,0,0,0,0,0,0,0,0.0444444444444444,0,0,0,0,0.266666666666667,0.0111111111111111,0,0,0,0,0,0,0.844444444444444,0.0555555555555556,0,0,0,0,0
"B2_9",0,0,0,0.0555555555555556,0.0666666666666667,0.0111111111111111,0,0.766666666666667,1.17777777777778,0.0666666666666667,0,0,0,0,0,0,0,0,0,0,0,0.222222222222222,0,0,0.0444444444444444,0,0,0,0,0,0,0,0,0,0.333333333333333,0.0111111111111111,0,0,0,0,0
"B3_1",0.0444444444444444,0,0,0.0222222222222222,0.0666666666666667,0,0,0.6,0.777777777777778,0.0666666666666667,0,0,0,0,0,0,0.0111111111111111,0,0,0.277777777777778,0.0222222222222222,0.588888888888889,0,0,0,0,0,0,0,0,0,0,0,0,0.0444444444444444,0.0111111111111111,0,0,0,0,0
"B3_10",0,0,0,0.177777777777778,0.0777777777777778,0.0333333333333333,0,0.455555555555556,0.744444444444444,0.0222222222222222,0,0,0,0,0,0.0111111111111111,0,0,0,0.0111111111111111,0.0111111111111111,0.2,0.0111111111111111,0.0555555555555556,0.0222222222222222,0,0,0,0,0,0.0555555555555556,0,0,0,0.466666666666667,0,0,0,0.0111111111111111,0,0
"B3_2",0,0,0,0,0.0222222222222222,0,0,0.655555555555556,0.688888888888889,0.0777777777777778,0,0,0,0,0,0.0111111111111111,0,0,0,0.0555555555555556,0,0.388888888888889,0.0111111111111111,0,0.0444444444444444,0,0.0111111111111111,0,0,0,0,0,0,0,0.488888888888889,0,0,0,0,0,0
"B3_3",0,0,0,0,0,0.0111111111111111,0,0.955555555555556,0.755555555555556,0.0444444444444444,0.0333333333333333,0,0,0,0,0,0,0,0,0,0,0,0,0,0,0,0.0222222222222222,0,0,0,0,0,0,0.1,0.355555555555556,0.0444444444444444,0,0.0222222222222222,0.0222222222222222,0,0
"B3_4",0,0.00555555555555556,0,0,0,0.0222222222222222,0,0.194444444444444,0.566666666666667,0.0166666666666667,0.00555555555555556,0,0,0,0,0,0,0.0333333333333333,0,0,0,0.0444444444444444,0,0,0,0,0.144444444444444,0,0,0,0,0,0.00555555555555556,0.00555555555555556,0.444444444444444,0.00555555555555556,0,0.0111111111111111,0,0,0
"B3_5",0,0,0,0,0,0,0,0.383333333333333,0.205555555555556,0,0,0,0,0,0,0,0,0.0111111111111111,0,0.00555555555555556,0,0.0111111111111111,0,0.00555555555555556,0.00555555555555556,0,0,0,0,0,0,0,0,0.0722222222222222,0.511111111111111,0.0166666666666667,0.00555555555555556,0,0.00555555555555556,0,0
"B3_6",0.0111111111111111,0,0,0.00555555555555556,0.127777777777778,0.0222222222222222,0,0.227777777777778,0.488888888888889,0.0444444444444444,0,0,0.00555555555555556,0,0,0,0,0,0,0,0.00555555555555556,0.277777777777778,0.0166666666666667,0,0,0,0.00555555555555556,0,0,0,0,0,0,0,0.177777777777778,0,0,0,0,0,0
"B3_7",0.0222222222222222,0,0,0.0111111111111111,0.0777777777777778,0.0277777777777778,0,0.261111111111111,0.422222222222222,0.0222222222222222,0,0,0,0,0,0,0.0111111111111111,0,0,0.116666666666667,0.0388888888888889,0.327777777777778,0.00555555555555556,0,0,0,0,0,0,0,0.0166666666666667,0,0,0,0.0277777777777778,0,0,0,0,0,0
"B3_8",0,0,0,0,0.0111111111111111,0,0,0.305555555555556,0.627777777777778,0.0333333333333333,0,0,0,0,0,0,0,0,0,0,0.00555555555555556,0,0,0,0,0,0,0.00555555555555556,0,0,0,0,0,0,0.0611111111111111,0.00555555555555556,0,0.00555555555555556,0,0,0
"B3_9",0,0.00555555555555556,0,0,0,0,0,0.283333333333333,0.772222222222222,0.0166666666666667,0.00555555555555556,0,0,0,0,0,0,0,0.00555555555555556,0,0,0.0444444444444444,0.00555555555555556,0,0,0,0.0777777777777778,0,0,0,0,0,0.0222222222222222,0,0.155555555555556,0.00555555555555556,0,0.0111111111111111,0,0,0
"B4_1",0.0222222222222222,0,0,0.00555555555555556,0.0333333333333333,0.0111111111111111,0.0166666666666667,0.255555555555556,0.422222222222222,0.0222222222222222,0,0,0,0,0,0,0,0,0,0.0333333333333333,0.0333333333333333,0.322222222222222,0.0111111111111111,0,0,0,0.00555555555555556,0.00555555555555556,0,0,0,0,0,0,0.127777777777778,0,0,0,0,0.00555555555555556,0
"B4_10",0.0111111111111111,0,0,0,0.0277777777777778,0.0444444444444444,0,0.483333333333333,0.238888888888889,0.0166666666666667,0,0,0.00555555555555556,0,0,0,0,0,0,0.0555555555555556,0.0166666666666667,0.427777777777778,0,0.00555555555555556,0,0,0.00555555555555556,0,0,0,0,0,0,0,0,0,0,0,0,0,0
"B4_2",0.00555555555555556,0,0.00555555555555556,0.00555555555555556,0.0388888888888889,0.0333333333333333,0,0.266666666666667,0.338888888888889,0.0166666666666667,0.0111111111111111,0,0,0,0,0,0,0,0,0.0444444444444444,0.0111111111111111,0.0333333333333333,0,0,0,0,0.0222222222222222,0,0.00555555555555556,0,0,0,0,0,0.144444444444444,0,0,0,0,0,0
"B4_3",0,0,0,0.00555555555555556,0.0944444444444444,0.00555555555555556,0,0.277777777777778,0.577777777777778,0.0833333333333333,0,0,0,0,0,0,0,0,0,0.0166666666666667,0.0111111111111111,0.111111111111111,0,0,0,0.00555555555555556,0,0,0,0,0.0333333333333333,0,0,0,0.0555555555555556,0,0,0,0,0,0
"B4_4",0.0111111111111111,0,0,0,0.0555555555555556,0,0,0.305555555555556,0.483333333333333,0.0444444444444444,0,0,0,0,0,0,0,0,0,0,0.00555555555555556,0.183333333333333,0.0111111111111111,0.00555555555555556,0,0,0.00555555555555556,0,0,0,0,0,0,0,0.205555555555556,0,0,0,0,0,0
"B4_6",0,0,0,0.0611111111111111,0.0277777777777778,0,0,0.227777777777778,0.222222222222222,0.0333333333333333,0,0,0,0,0,0,0,0,0,0.00555555555555556,0.00555555555555556,0.105555555555556,0,0,0.0111111111111111,0,0.0166666666666667,0,0,0,0,0,0,0,0.588888888888889,0.0111111111111111,0,0,0,0,0
"B4_7",0,0,0,0,0.0166666666666667,0.0277777777777778,0,0.133333333333333,0.666666666666667,0.05,0,0,0,0,0,0,0,0,0,0,0,0.00555555555555556,0,0,0.00555555555555556,0,0.0166666666666667,0.00555555555555556,0,0,0,0,0,0,0.255555555555556,0.0222222222222222,0,0,0.00555555555555556,0,0
"B4_8",0.0111111111111111,0,0,0,0,0.0722222222222222,0,0.205555555555556,0,0,0.133333333333333,0,0,0,0,0,0,0,0,0,0.00555555555555556,0.00555555555555556,0,0,0,0,0.205555555555556,0,0,0,0,0,0,0,0.711111111111111,0.0111111111111111,0,0,0.00555555555555556,0,0
"B4_9",0.0333333333333333,0,0,0,0.0333333333333333,0.00555555555555556,0,0.244444444444444,0.2,0.0277777777777778,0,0,0,0,0,0.00555555555555556,0,0,0,0.0166666666666667,0.00555555555555556,0.172222222222222,0,0.0166666666666667,0,0,0.0222222222222222,0.00555555555555556,0,0,0.105555555555556,0,0,0,0.138888888888889,0,0,0,0,0,0
"IL1_1",0,0,0,0.183333333333333,0.0388888888888889,0,0,0.372222222222222,0.544444444444444,0.0277777777777778,0,0,0,0,0,0,0,0.0111111111111111,0,0,0,0.0611111111111111,0,0,0,0,0,0,0,0,0,0,0,0,0.0777777777777778,0,0,0,0,0,0.0111111111111111
"IL1_10",0,0,0,0,0,0.0277777777777778,0,0.133333333333333,0.677777777777778,0.0611111111111111,0.0222222222222222,0,0,0,0,0,0,0,0,0,0,0.0111111111111111,0,0,0.0222222222222222,0,0.0555555555555556,0,0,0,0,0,0,0,0.277777777777778,0,0,0,0,0,0
"IL1_3",0,0,0,0,0.00555555555555556,0.0444444444444444,0,0.166666666666667,0.138888888888889,0.0166666666666667,0.0222222222222222,0,0,0,0,0,0,0.05,0,0,0,0.00555555555555556,0,0,0,0,0.0555555555555556,0,0,0,0,0,0,0,0.661111111111111,0.0444444444444444,0,0.0166666666666667,0,0,0
"IL1_4",0.00555555555555556,0,0,0.0722222222222222,0.0333333333333333,0,0,0.327777777777778,0.372222222222222,0.00555555555555556,0,0,0.133333333333333,0,0.00555555555555556,0.00555555555555556,0.0111111111111111,0,0,0.0388888888888889,0,0.183333333333333,0,0,0,0,0.05,0,0,0,0,0,0,0,0.155555555555556,0,0,0,0,0,0
"IL1_5",0.0333333333333333,0,0,0,0.0388888888888889,0.0277777777777778,0,0.361111111111111,0.172222222222222,0.0111111111111111,0.00555555555555556,0.0111111111111111,0,0,0,0,0.0111111111111111,0,0,0.0166666666666667,0.0277777777777778,0.4,0.00555555555555556,0,0,0,0,0,0,0,0,0,0,0.00555555555555556,0.133333333333333,0,0,0,0,0.0111111111111111,0
"IL1_8",0,0,0,0.0111111111111111,0.0222222222222222,0.00555555555555556,0,0.177777777777778,0.583333333333333,0.00555555555555556,0.00555555555555556,0,0,0,0,0.00555555555555556,0,0.00555555555555556,0,0,0,0,0,0,0,0,0.0111111111111111,0,0,0,0,0,0,0,0.194444444444444,0.0111111111111111,0.00555555555555556,0,0.00555555555555556,0,0
"IL1_9",0,0,0.0166666666666667,0.0166666666666667,0.00555555555555556,0,0,0.0722222222222222,0.0888888888888889,0.0277777777777778,0,0,0,0,0,0,0,0,0,0,0,0.00555555555555556,0,0,0,0,0,0,0,0,0.277777777777778,0,0,0,0,0,0,0,0,0,0
"IL2_1",0.0222222222222222,0,0,0.0222222222222222,0.0333333333333333,0.0222222222222222,0,0.183333333333333,0.227777777777778,0.0222222222222222,0,0,0.0166666666666667,0,0,0,0,0,0,0.0388888888888889,0.0333333333333333,0.288888888888889,0,0,0,0,0,0,0.0222222222222222,0,0,0,0,0,0.116666666666667,0,0,0,0,0,0
"IL2_10",0,0,0,0.0333333333333333,0.0611111111111111,0.0222222222222222,0,0.211111111111111,0.4,0.0333333333333333,0,0,0.0555555555555556,0,0.00555555555555556,0,0,0,0,0.0277777777777778,0.0166666666666667,0.316666666666667,0,0,0.00555555555555556,0,0,0,0,0,0,0,0,0,0.138888888888889,0,0,0,0,0,0
"IL2_2",0,0,0,0,0.00555555555555556,0.0166666666666667,0,0.355555555555556,0.4,0.0166666666666667,0.0166666666666667,0,0,0,0,0.00555555555555556,0,0.00555555555555556,0,0,0,0.00555555555555556,0,0,0.0111111111111111,0,0.0111111111111111,0.0111111111111111,0,0,0,0,0,0,0.344444444444444,0.00555555555555556,0,0,0,0,0
"IL2_3",0.00555555555555556,0,0.00555555555555556,0.0111111111111111,0.05,0.0166666666666667,0,0.211111111111111,0.711111111111111,0.05,0,0,0,0,0,0,0,0,0,0.0166666666666667,0,0.105555555555556,0,0,0,0,0.00555555555555556,0,0,0,0,0,0.00555555555555556,0,0.261111111111111,0.0111111111111111,0,0,0,0,0
"IL2_4",0,0,0.00555555555555556,0,0.0222222222222222,0,0,0.322222222222222,0.0555555555555556,0.0111111111111111,0.0166666666666667,0,0,0,0,0.00555555555555556,0,0.00555555555555556,0,0,0,0.227777777777778,0,0,0,0,0.0333333333333333,0,0,0,0,0,0,0,0.455555555555556,0,0,0,0,0.0166666666666667,0
"IL2_5",0,0.00555555555555556,0,0,0,0,0,0.227777777777778,0.133333333333333,0.0111111111111111,0,0,0,0,0,0,0,0.0166666666666667,0.00555555555555556,0,0,0.0222222222222222,0,0,0.0166666666666667,0,0.0777777777777778,0,0,0,0,0,0.0166666666666667,0.00555555555555556,0.733333333333333,0,0,0.0111111111111111,0,0,0
"IL2_7",0.0166666666666667,0,0,0.105555555555556,0.0833333333333333,0.00555555555555556,0,0.35,0.355555555555556,0.0166666666666667,0.00555555555555556,0,0.00555555555555556,0,0,0,0.0166666666666667,0,0,0.05,0,0.233333333333333,0.00555555555555556,0,0,0,0,0,0,0,0,0,0,0,0.05,0,0,0,0,0,0
"IL2_8",0,0,0.00555555555555556,0.05,0.0222222222222222,0.0333333333333333,0,0.238888888888889,0.105555555555556,0.00555555555555556,0.0111111111111111,0,0,0,0.00555555555555556,0,0,0.0388888888888889,0,0.0444444444444444,0.0111111111111111,0.0388888888888889,0,0,0,0,0.0166666666666667,0,0,0,0,0,0,0,0.488888888888889,0,0,0.0111111111111111,0,0,0
"IL2_9",0.0111111111111111,0,0.00555555555555556,0,0.0444444444444444,0.05,0,0.272222222222222,0.277777777777778,0.00555555555555556,0,0,0,0,0,0,0.0111111111111111,0,0,0.0166666666666667,0,0.155555555555556,0,0,0,0,0.0277777777777778,0.0111111111111111,0,0,0.0333333333333333,0,0.00555555555555556,0,0.288888888888889,0.00555555555555556,0,0,0,0,0
"IL3_1",0,0,0,0,0.0333333333333333,0.0166666666666667,0,0.277777777777778,0.305555555555556,0.00555555555555556,0,0,0,0,0,0,0,0,0,0.0722222222222222,0.00555555555555556,0.155555555555556,0,0,0.00555555555555556,0,0,0,0,0,0,0,0,0,0.383333333333333,0,0,0,0,0,0
"IL3_10",0.0166666666666667,0,0,0.0888888888888889,0.0444444444444444,0.0222222222222222,0,0.327777777777778,0.383333333333333,0.0111111111111111,0,0,0.0333333333333333,0,0,0,0.00555555555555556,0,0,0,0,0.05,0.00555555555555556,0,0.00555555555555556,0,0.0722222222222222,0,0,0,0,0,0,0,0.238888888888889,0.0111111111111111,0.00555555555555556,0,0,0.0166666666666667,0
"IL3_2",0,0,0,0.0611111111111111,0.0277777777777778,0.0611111111111111,0.00555555555555556,0.272222222222222,0.477777777777778,0.0333333333333333,0,0,0,0,0,0,0,0.0111111111111111,0,0,0,0,0,0,0,0,0.0166666666666667,0,0,0,0,0,0,0,0.172222222222222,0.00555555555555556,0,0,0,0,0
"IL3_3",0,0,0,0,0.0722222222222222,0.00555555555555556,0,0.133333333333333,0.35,0,0,0,0.00555555555555556,0,0,0,0.0166666666666667,0,0,0.00555555555555556,0.0166666666666667,0.616666666666667,0.0277777777777778,0,0,0,0.00555555555555556,0,0,0,0,0,0,0,0.00555555555555556,0,0,0,0,0,0
"IL3_4",0,0,0,0.127777777777778,0.0333333333333333,0.00555555555555556,0,0.322222222222222,0.411111111111111,0.0333333333333333,0.00555555555555556,0,0.0388888888888889,0,0,0.00555555555555556,0,0,0.00555555555555556,0,0,0.172222222222222,0.00555555555555556,0,0,0,0.00555555555555556,0,0,0,0,0,0,0,0.1,0.00555555555555556,0,0,0,0,0
"IL3_6",0,0,0,0.0777777777777778,0.0333333333333333,0,0,0.388888888888889,0.416666666666667,0.0111111111111111,0,0,0,0,0,0,0,0.0111111111111111,0,0,0,0.0388888888888889,0,0,0.0111111111111111,0,0.00555555555555556,0,0,0,0,0,0,0,0.211111111111111,0,0,0,0,0,0
"IL3_7",0,0.00555555555555556,0,0.0222222222222222,0.0277777777777778,0.0277777777777778,0,0.244444444444444,0.561111111111111,0,0.05,0,0.00555555555555556,0,0,0,0,0,0.00555555555555556,0.0277777777777778,0.00555555555555556,0.238888888888889,0,0,0.00555555555555556,0,0.00555555555555556,0,0,0,0,0,0,0,0.127777777777778,0,0,0.00555555555555556,0,0,0
"IL3_9",0.00555555555555556,0,0.00555555555555556,0.122222222222222,0.0722222222222222,0,0,0.316666666666667,0.294444444444444,0.0444444444444444,0.00555555555555556,0,0,0.00555555555555556,0,0,0.00555555555555556,0,0,0.0333333333333333,0.0166666666666667,0.388888888888889,0,0,0,0,0.0166666666666667,0,0,0,0,0,0,0,0.05,0.00555555555555556,0,0,0,0,0
"IL4_10",0.0222222222222222,0,0,0.0944444444444444,0.0222222222222222,0.0277777777777778,0.00555555555555556,0.238888888888889,0.405555555555556,0.0111111111111111,0,0,0.0166666666666667,0,0,0,0,0,0,0,0,0.194444444444444,0,0,0,0,0.0277777777777778,0,0,0,0,0,0,0,0.177777777777778,0,0,0.00555555555555556,0,0,0
"IL4_2",0.00555555555555556,0,0,0.00555555555555556,0.0388888888888889,0.0722222222222222,0.0111111111111111,0.227777777777778,0.244444444444444,0.0277777777777778,0.0166666666666667,0,0,0,0,0,0,0,0,0.00555555555555556,0.0111111111111111,0.0666666666666667,0,0,0,0,0.00555555555555556,0,0,0,0.05,0,0,0,0.472222222222222,0.0111111111111111,0,0.00555555555555556,0,0,0
"IL4_3",0,0,0,0,0.0166666666666667,0.0111111111111111,0,0.25,0.388888888888889,0.0166666666666667,0,0,0,0,0,0,0,0,0,0.0166666666666667,0,0.466666666666667,0,0,0.00555555555555556,0,0.0277777777777778,0,0,0,0,0,0,0,0.0611111111111111,0,0,0,0,0,0
"IL4_4",0,0,0,0,0.0277777777777778,0.0111111111111111,0,0.194444444444444,0.305555555555556,0.05,0,0,0,0,0.0111111111111111,0,0.00555555555555556,0,0,0.0388888888888889,0.0277777777777778,0.155555555555556,0,0,0,0,0.00555555555555556,0.00555555555555556,0,0,0.0555555555555556,0,0,0,0.0388888888888889,0,0,0,0,0,0
"IL4_5",0.0111111111111111,0,0,0.00555555555555556,0.0222222222222222,0.0222222222222222,0,0.188888888888889,0.405555555555556,0.0277777777777778,0,0,0.0166666666666667,0,0,0,0,0,0,0.0333333333333333,0.00555555555555556,0.405555555555556,0,0,0,0,0.00555555555555556,0,0,0,0,0,0,0,0.1,0,0,0,0,0,0
"IL4_7",0.0277777777777778,0,0,0,0.0944444444444444,0.0388888888888889,0,0.327777777777778,0.461111111111111,0.0222222222222222,0,0,0.00555555555555556,0.00555555555555556,0,0,0,0,0,0.0277777777777778,0.0111111111111111,0.238888888888889,0.0111111111111111,0,0,0.00555555555555556,0,0,0,0,0,0,0,0,0.0388888888888889,0,0,0,0,0,0.116666666666667
"IL4_8",0,0,0,0.0111111111111111,0.00555555555555556,0,0,0.183333333333333,0.0333333333333333,0,0,0,0,0,0,0,0,0,0,0.0111111111111111,0,0,0,0.144444444444444,0,0.00555555555555556,0,0,0.00555555555555556,0,0.188888888888889,0,0,0,0,0,0,0,0,0,0
"IL4_9",0.0166666666666667,0,0,0.00555555555555556,0.0444444444444444,0.0222222222222222,0,0.122222222222222,0.311111111111111,0.0111111111111111,0,0,0,0,0,0,0,0,0,0.0166666666666667,0,0.6,0,0,0,0.00555555555555556,0.00555555555555556,0,0,0,0,0,0,0,0.133333333333333,0,0,0,0,0,0
"M1_1",0,0.0277777777777778,0,0,0.0111111111111111,0.116666666666667,0,0.261111111111111,0.0111111111111111,0,0.0388888888888889,0,0,0,0,0,0,0.0111111111111111,0.0111111111111111,0,0,0,0,0,0.0277777777777778,0,0,0,0,0,0,0,0.0222222222222222,0,0.361111111111111,0.0722222222222222,0,0.105555555555556,0,0,0
"M1_10",0,0.0111111111111111,0,0,0,0,0,0.15,0,0,0.0222222222222222,0.00555555555555556,0,0,0,0.00555555555555556,0,0.0388888888888889,0.0111111111111111,0,0,0,0,0,0,0,0.0777777777777778,0,0,0,0,0,0.0166666666666667,0,0.733333333333333,0,0,0.0722222222222222,0,0,0
"M1_2",0.0166666666666667,0.0111111111111111,0,0.0388888888888889,0.0611111111111111,0,0,0.233333333333333,0.0333333333333333,0.0111111111111111,0,0,0.0111111111111111,0,0,0,0,0.0222222222222222,0.0111111111111111,0,0,0.1,0,0,0.0611111111111111,0,0.00555555555555556,0,0,0,0,0,0.0111111111111111,0,0.327777777777778,0.0666666666666667,0,0.155555555555556,0,0,0
"M1_4",0,0.0777777777777778,0,0.00555555555555556,0.0222222222222222,0,0,0.233333333333333,0.0611111111111111,0.0333333333333333,0.00555555555555556,0,0,0,0,0,0,0,0.0166666666666667,0,0,0,0,0,0.0111111111111111,0,0.0333333333333333,0,0,0,0,0,0.0166666666666667,0,0.288888888888889,0.127777777777778,0.0111111111111111,0.177777777777778,0,0,0
"M1_5",0.0166666666666667,0.00555555555555556,0,0.0166666666666667,0.0888888888888889,0.0277777777777778,0,0.238888888888889,0.372222222222222,0.0277777777777778,0.0111111111111111,0.00555555555555556,0,0,0,0,0,0,0.0111111111111111,0,0,0.0722222222222222,0,0,0,0,0.0111111111111111,0,0,0,0,0,0,0,0.438888888888889,0,0,0,0,0,0
"M1_6",0,0.0333333333333333,0,0,0,0.138888888888889,0.0111111111111111,0.344444444444444,0.25,0.0111111111111111,0.0277777777777778,0,0,0,0,0,0,0,0.0166666666666667,0,0,0,0,0,0.00555555555555556,0,0.0555555555555556,0,0,0,0,0,0.0111111111111111,0,0.3,0.05,0,0.0611111111111111,0,0,0
"M1_7",0,0.0166666666666667,0,0,0,0.205555555555556,0,0.172222222222222,0,0,0.311111111111111,0,0,0,0,0,0,0.0388888888888889,0.00555555555555556,0,0,0,0,0,0,0,0.0333333333333333,0,0,0,0,0,0.0166666666666667,0.00555555555555556,0.422222222222222,0,0,0.0555555555555556,0,0,0
"M1_8",0,0,0,0,0,0.0666666666666667,0.0222222222222222,0.377777777777778,0,0,0.00555555555555556,0,0,0,0,0,0,0.0111111111111111,0,0,0,0,0,0,0,0,0.0388888888888889,0,0,0,0,0,0,0.133333333333333,0.483333333333333,0.0111111111111111,0,0,0.00555555555555556,0,0
"M2_1",0.0333333333333333,0,0.00555555555555556,0.0166666666666667,0.0888888888888889,0.0111111111111111,0,0.283333333333333,0.594444444444444,0.0222222222222222,0.00555555555555556,0,0.0277777777777778,0,0,0,0,0,0,0.0222222222222222,0,0.144444444444444,0.0111111111111111,0,0,0,0.00555555555555556,0,0,0,0,0,0,0,0.183333333333333,0,0,0,0,0,0
"M2_10",0,0.0666666666666667,0,0.00555555555555556,0,0.105555555555556,0,0.361111111111111,0,0,0,0,0,0,0,0,0,0,0.0166666666666667,0,0,0,0,0,0,0,0,0,0,0,0,0,0.0277777777777778,0.0222222222222222,0.394444444444444,0,0,0.0277777777777778,0,0,0
"M2_3",0.00555555555555556,0,0,0,0.111111111111111,0.0222222222222222,0.0111111111111111,0.161111111111111,0.616666666666667,0.0333333333333333,0,0,0,0,0,0,0,0,0,0.0277777777777778,0.00555555555555556,0.316666666666667,0.00555555555555556,0,0,0,0.0333333333333333,0,0,0,0,0,0,0,0.127777777777778,0,0,0,0,0,0
"M2_5",0,0.0444444444444444,0,0,0,0.0611111111111111,0,0.288888888888889,0.433333333333333,0.0333333333333333,0.00555555555555556,0,0,0,0,0,0,0,0.0222222222222222,0,0,0,0,0,0,0,0.0166666666666667,0,0,0,0,0,0,0,0.172222222222222,0.0111111111111111,0.0277777777777778,0.0166666666666667,0,0,0
"M2_6",0,0.00555555555555556,0,0,0,0.177777777777778,0.0277777777777778,0.377777777777778,0,0,0.0111111111111111,0,0,0,0.00555555555555556,0,0,0,0,0,0,0,0,0,0,0,0.00555555555555556,0,0,0,0,0,0.00555555555555556,0.0166666666666667,0.416666666666667,0,0,0,0,0,0
"M2_7",0,0,0,0,0,0.0777777777777778,0,0.305555555555556,0.0277777777777778,0,0.0833333333333333,0,0,0,0,0,0,0.0611111111111111,0,0,0,0,0,0,0,0,0.0666666666666667,0,0,0,0,0,0,0.166666666666667,0.433333333333333,0,0,0.00555555555555556,0.0111111111111111,0,0
"M2_8",0,0.133333333333333,0,0,0,0.05,0,0.272222222222222,0.161111111111111,0.0166666666666667,0.0111111111111111,0,0,0,0,0.00555555555555556,0,0,0.0111111111111111,0,0,0,0,0,0.0166666666666667,0,0.0166666666666667,0,0,0,0,0,0.05,0,0.566666666666667,0.00555555555555556,0,0.0611111111111111,0,0,0
"M2_9",0,0.0277777777777778,0,0,0.0277777777777778,0.0555555555555556,0,0.216666666666667,0.122222222222222,0.0166666666666667,0,0,0,0,0,0,0,0.0111111111111111,0.0277777777777778,0,0,0,0.00555555555555556,0,0.00555555555555556,0,0.0388888888888889,0,0,0,0,0,0.0388888888888889,0,0.288888888888889,0.0666666666666667,0,0.105555555555556,0,0,0
"M3_1",0,0,0,0,0,0,0,0.294444444444444,0.561111111111111,0.0444444444444444,0.00555555555555556,0,0,0,0,0,0,0,0,0,0,0,0,0,0.0166666666666667,0,0.0666666666666667,0,0,0,0,0,0,0,0.305555555555556,0.0111111111111111,0,0.0166666666666667,0,0,0
"M3_2",0.0277777777777778,0,0,0.0222222222222222,0.144444444444444,0.0166666666666667,0,0.3,0.522222222222222,0.0111111111111111,0,0,0.0166666666666667,0,0,0.00555555555555556,0,0,0,0.0555555555555556,0,0.194444444444444,0,0,0,0,0,0,0,0,0,0,0,0,0.05,0,0,0.00555555555555556,0,0,0
"M3_3",0.116666666666667,0,0,0.0111111111111111,0.00555555555555556,0.0333333333333333,0.0222222222222222,0.255555555555556,0.472222222222222,0.0111111111111111,0,0,0.1,0,0,0,0,0,0,0.00555555555555556,0.00555555555555556,0.35,0,0,0,0,0.00555555555555556,0,0,0,0,0,0,0,0.0833333333333333,0,0,0.00555555555555556,0,0.0166666666666667,0
"M3_5",0,0,0,0,0.1,0.0111111111111111,0.0111111111111111,0.138888888888889,0.711111111111111,0.0166666666666667,0.00555555555555556,0,0,0,0,0,0,0,0,0,0,0.0944444444444444,0,0,0,0,0.00555555555555556,0.00555555555555556,0,0,0,0,0.00555555555555556,0,0.294444444444444,0,0,0,0,0,0
"M3_7",0,0.05,0,0.0111111111111111,0.00555555555555556,0,0,0.244444444444444,0.0888888888888889,0.0333333333333333,0.0666666666666667,0,0,0,0,0,0,0,0.00555555555555556,0,0,0,0,0,0.0111111111111111,0,0.00555555555555556,0.00555555555555556,0,0,0,0,0.0277777777777778,0,0.211111111111111,0.0944444444444444,0.0111111111111111,0.0777777777777778,0.0222222222222222,0.00555555555555556,0
"M3_8",0.0388888888888889,0,0,0,0.144444444444444,0.05,0,0.283333333333333,0.45,0.0222222222222222,0.0111111111111111,0,0,0,0,0,0,0,0,0.0111111111111111,0.0111111111111111,0.272222222222222,0.00555555555555556,0,0,0,0.0277777777777778,0,0,0,0,0,0.0111111111111111,0,0.116666666666667,0.00555555555555556,0,0,0,0,0
"M4_2",0.0777777777777778,0,0,0.0277777777777778,0,0.0388888888888889,0.00555555555555556,0.183333333333333,0.388888888888889,0.00555555555555556,0,0,0.116666666666667,0.0166666666666667,0,0,0.00555555555555556,0,0,0.0222222222222222,0,0.227777777777778,0,0,0.0166666666666667,0,0,0,0,0,0,0,0,0,0.227777777777778,0,0,0.00555555555555556,0,0,0
"M4_3",0.0444444444444444,0,0,0,0.0722222222222222,0.00555555555555556,0,0.138888888888889,0.705555555555556,0.0333333333333333,0,0,0.0222222222222222,0.00555555555555556,0.00555555555555556,0,0.00555555555555556,0,0,0.0222222222222222,0,0.333333333333333,0.00555555555555556,0,0,0,0.0111111111111111,0,0,0,0,0,0,0,0.0777777777777778,0.00555555555555556,0,0,0,0,0
"M4_4",0,0.0166666666666667,0,0,0.00555555555555556,0,0,0.35,0.638888888888889,0.0166666666666667,0,0,0,0,0,0,0,0,0,0,0,0.0888888888888889,0.00555555555555556,0,0.0166666666666667,0,0.0666666666666667,0.00555555555555556,0,0,0,0,0.0111111111111111,0,0.116666666666667,0.00555555555555556,0.0111111111111111,0,0,0,0
"M4_5",0,0.0722222222222222,0,0,0,0,0,0.211111111111111,0.194444444444444,0.0388888888888889,0,0,0,0,0,0,0,0,0,0,0.00555555555555556,0.00555555555555556,0,0,0,0,0.0555555555555556,0,0,0,0,0,0.00555555555555556,0,0.294444444444444,0.0944444444444444,0.0166666666666667,0.133333333333333,0,0,0
"M4_6",0.0333333333333333,0,0,0.0111111111111111,0.105555555555556,0.0333333333333333,0,0.25,0.366666666666667,0.0277777777777778,0,0,0.0388888888888889,0,0,0.00555555555555556,0,0,0,0.0222222222222222,0,0.116666666666667,0,0,0,0,0,0,0,0,0,0,0,0,0.177777777777778,0,0,0,0,0,0
"M4_7",0.0444444444444444,0,0.00555555555555556,0,0.05,0.0111111111111111,0,0.222222222222222,0.344444444444444,0.0111111111111111,0,0,0.272222222222222,0.00555555555555556,0,0,0,0,0,0.00555555555555556,0.00555555555555556,0.155555555555556,0,0,0,0.00555555555555556,0.00555555555555556,0,0.00555555555555556,0,0,0,0,0,0.0222222222222222,0,0,0,0,0,0
"M4_9",0,0,0.00555555555555556,0.194444444444444,0.0222222222222222,0.05,0,0.6,0.472222222222222,0.0166666666666667,0,0,0,0,0,0.0111111111111111,0,0,0,0.0388888888888889,0,0.00555555555555556,0,0,0,0,0.0944444444444444,0,0,0,0,0,0,0,0.05,0,0,0,0,0,0
"NA",NA,NA,NA,NA,NA,NA,NA,NA,NA,NA,NA,NA,NA,NA,NA,NA,NA,NA,NA,NA,NA,NA,NA,NA,NA,NA,NA,NA,NA,NA,NA,NA,NA,NA,NA,NA,NA,NA,NA,NA,NA
"NA.1",NA,NA,NA,NA,NA,NA,NA,NA,NA,NA,NA,NA,NA,NA,NA,NA,NA,NA,NA,NA,NA,NA,NA,NA,NA,NA,NA,NA,NA,NA,NA,NA,NA,NA,NA,NA,NA,NA,NA,NA,NA
"NA.2",NA,NA,NA,NA,NA,NA,NA,NA,NA,NA,NA,NA,NA,NA,NA,NA,NA,NA,NA,NA,NA,NA,NA,NA,NA,NA,NA,NA,NA,NA,NA,NA,NA,NA,NA,NA,NA,NA,NA,NA,NA
"NA.3",NA,NA,NA,NA,NA,NA,NA,NA,NA,NA,NA,NA,NA,NA,NA,NA,NA,NA,NA,NA,NA,NA,NA,NA,NA,NA,NA,NA,NA,NA,NA,NA,NA,NA,NA,NA,NA,NA,NA,NA,NA
"NA.4",NA,NA,NA,NA,NA,NA,NA,NA,NA,NA,NA,NA,NA,NA,NA,NA,NA,NA,NA,NA,NA,NA,NA,NA,NA,NA,NA,NA,NA,NA,NA,NA,NA,NA,NA,NA,NA,NA,NA,NA,NA
"NA.5",NA,NA,NA,NA,NA,NA,NA,NA,NA,NA,NA,NA,NA,NA,NA,NA,NA,NA,NA,NA,NA,NA,NA,NA,NA,NA,NA,NA,NA,NA,NA,NA,NA,NA,NA,NA,NA,NA,NA,NA,NA
"NA.6",NA,NA,NA,NA,NA,NA,NA,NA,NA,NA,NA,NA,NA,NA,NA,NA,NA,NA,NA,NA,NA,NA,NA,NA,NA,NA,NA,NA,NA,NA,NA,NA,NA,NA,NA,NA,NA,NA,NA,NA,NA
"NA.7",NA,NA,NA,NA,NA,NA,NA,NA,NA,NA,NA,NA,NA,NA,NA,NA,NA,NA,NA,NA,NA,NA,NA,NA,NA,NA,NA,NA,NA,NA,NA,NA,NA,NA,NA,NA,NA,NA,NA,NA,NA
"NA.8",NA,NA,NA,NA,NA,NA,NA,NA,NA,NA,NA,NA,NA,NA,NA,NA,NA,NA,NA,NA,NA,NA,NA,NA,NA,NA,NA,NA,NA,NA,NA,NA,NA,NA,NA,NA,NA,NA,NA,NA,NA
"NA.9",NA,NA,NA,NA,NA,NA,NA,NA,NA,NA,NA,NA,NA,NA,NA,NA,NA,NA,NA,NA,NA,NA,NA,NA,NA,NA,NA,NA,NA,NA,NA,NA,NA,NA,NA,NA,NA,NA,NA,NA,NA
"NA.10",NA,NA,NA,NA,NA,NA,NA,NA,NA,NA,NA,NA,NA,NA,NA,NA,NA,NA,NA,NA,NA,NA,NA,NA,NA,NA,NA,NA,NA,NA,NA,NA,NA,NA,NA,NA,NA,NA,NA,NA,NA
"NA.11",NA,NA,NA,NA,NA,NA,NA,NA,NA,NA,NA,NA,NA,NA,NA,NA,NA,NA,NA,NA,NA,NA,NA,NA,NA,NA,NA,NA,NA,NA,NA,NA,NA,NA,NA,NA,NA,NA,NA,NA,NA
"NA.12",NA,NA,NA,NA,NA,NA,NA,NA,NA,NA,NA,NA,NA,NA,NA,NA,NA,NA,NA,NA,NA,NA,NA,NA,NA,NA,NA,NA,NA,NA,NA,NA,NA,NA,NA,NA,NA,NA,NA,NA,NA
"NA.13",NA,NA,NA,NA,NA,NA,NA,NA,NA,NA,NA,NA,NA,NA,NA,NA,NA,NA,NA,NA,NA,NA,NA,NA,NA,NA,NA,NA,NA,NA,NA,NA,NA,NA,NA,NA,NA,NA,NA,NA,NA
"NA.14",NA,NA,NA,NA,NA,NA,NA,NA,NA,NA,NA,NA,NA,NA,NA,NA,NA,NA,NA,NA,NA,NA,NA,NA,NA,NA,NA,NA,NA,NA,NA,NA,NA,NA,NA,NA,NA,NA,NA,NA,NA
"NA.15",NA,NA,NA,NA,NA,NA,NA,NA,NA,NA,NA,NA,NA,NA,NA,NA,NA,NA,NA,NA,NA,NA,NA,NA,NA,NA,NA,NA,NA,NA,NA,NA,NA,NA,NA,NA,NA,NA,NA,NA,NA
"NA.16",NA,NA,NA,NA,NA,NA,NA,NA,NA,NA,NA,NA,NA,NA,NA,NA,NA,NA,NA,NA,NA,NA,NA,NA,NA,NA,NA,NA,NA,NA,NA,NA,NA,NA,NA,NA,NA,NA,NA,NA,NA
"NA.17",NA,NA,NA,NA,NA,NA,NA,NA,NA,NA,NA,NA,NA,NA,NA,NA,NA,NA,NA,NA,NA,NA,NA,NA,NA,NA,NA,NA,NA,NA,NA,NA,NA,NA,NA,NA,NA,NA,NA,NA,NA
"NA.18",NA,NA,NA,NA,NA,NA,NA,NA,NA,NA,NA,NA,NA,NA,NA,NA,NA,NA,NA,NA,NA,NA,NA,NA,NA,NA,NA,NA,NA,NA,NA,NA,NA,NA,NA,NA,NA,NA,NA,NA,NA
"NA.19",NA,NA,NA,NA,NA,NA,NA,NA,NA,NA,NA,NA,NA,NA,NA,NA,NA,NA,NA,NA,NA,NA,NA,NA,NA,NA,NA,NA,NA,NA,NA,NA,NA,NA,NA,NA,NA,NA,NA,NA,NA
"NA.20",NA,NA,NA,NA,NA,NA,NA,NA,NA,NA,NA,NA,NA,NA,NA,NA,NA,NA,NA,NA,NA,NA,NA,NA,NA,NA,NA,NA,NA,NA,NA,NA,NA,NA,NA,NA,NA,NA,NA,NA,NA
"NA.21",NA,NA,NA,NA,NA,NA,NA,NA,NA,NA,NA,NA,NA,NA,NA,NA,NA,NA,NA,NA,NA,NA,NA,NA,NA,NA,NA,NA,NA,NA,NA,NA,NA,NA,NA,NA,NA,NA,NA,NA,NA
"NA.22",NA,NA,NA,NA,NA,NA,NA,NA,NA,NA,NA,NA,NA,NA,NA,NA,NA,NA,NA,NA,NA,NA,NA,NA,NA,NA,NA,NA,NA,NA,NA,NA,NA,NA,NA,NA,NA,NA,NA,NA,NA
