"","ACHY","ACHY.D","AF01","AMID","AMUT","ARNO4","ARPU9","ARPU9.D","ARTR2","ARTR2.D","ATCA2","ATCA2.D","BAMU","BOGR2","BOGR2.D","BRTE","CEMO2","CEMO2.D","CHLE4","CHVI8","CHVI8.D","CRAN4","CRFL5","ECCOC","ECCOC.D","ELEL5","EPVI","ERCI6","ERMI4","FRAN2","GRFA","GUMI","GUSA2","GUSA2.D","HECO26","HECO26.D","HYACA2","HYFI.D","JUOS","JUOS.D","KRLA2","LEMO2","MAFR3","MAGR2","OPPO","OPPO.D","PEPU7","PHAU3","PHAU3.D","PIED","PIED.D","PLPA2","PSSP","SALSO","SHRO","SPCO4","SPCR","SPCR.D","STUPID","SYOR2","SYOR2.D","Total.Litter","UNKCLOVER","UNKF2A","YUBA","YUBA.D","CLLU2","LAOC3","SALSO.D","SPCO","HIJA"
"1",0,0,0,0,0,0,0,0,0,0,0,0,0,0,0,0,0.0769230769230769,0.0256410256410256,0,0.0769230769230769,0.0512820512820513,0,0,0,0,0,0,0,0,0.0512820512820513,0,0.0256410256410256,0,0,0,0,0,0,0.153846153846154,0.0256410256410256,0,0,0,0,0,0,0,0,0,0.487179487179487,0,0,0.0256410256410256,0,0,0,0,0,0,0,0,0,0,0,0,0,0,0,0,0,0
"2",0.0769230769230769,0,0,0,0,0,0,0,0.010989010989011,0.021978021978022,0,0,0,0.0989010989010989,0,0,0,0,0,0.021978021978022,0,0,0,0,0,0,0,0,0,0,0,0,0,0,0.186813186813187,0,0,0,0.241758241758242,0,0,0.021978021978022,0,0,0,0,0,0,0,0.186813186813187,0.021978021978022,0,0,0,0,0.021978021978022,0.0769230769230769,0.010989010989011,0,0,0,0,0,0,0,0,0,0,0,0,0
"10",0.0136986301369863,0,0,0,0,0,0,0,0,0.0273972602739726,0,0,0,0.0273972602739726,0,0,0,0,0,0,0,0,0,0,0,0,0,0,0,0,0,0,0.0410958904109589,0,0.0958904109589041,0.0136986301369863,0,0,0.26027397260274,0.0684931506849315,0,0,0,0,0,0,0,0,0,0.438356164383562,0,0,0,0,0,0,0.0136986301369863,0,0,0,0,0,0,0,0,0,0,0,0,0,0
"11",0,0,0,0,0,0,0,0,0,0,0.116504854368932,0,0,0,0,0,0,0,0,0,0,0,0,0,0,0,0,0,0,0,0,0,0,0,0.0485436893203883,0,0,0,0,0,0,0,0,0,0,0,0,0,0,0,0,0,0,0,0,0,0.805825242718447,0.029126213592233,0,0,0,0,0,0,0,0,0,0,0,0,0
"12",0,0,0,0,0,0,0,0,0,0,0,0,0,0,0,0,0.0151515151515152,0,0,0,0,0,0,0,0,0,0,0,0,0,0,0.0303030303030303,0,0,0,0,0,0.0151515151515152,0.439393939393939,0,0,0.0151515151515152,0,0.0151515151515152,0,0,0,0,0,0.424242424242424,0,0,0,0,0,0,0,0,0,0.0151515151515152,0.0303030303030303,0,0,0,0,0,0,0,0,0,0
"14",0.0172413793103448,0,0,0,0,0.0172413793103448,0,0,0,0,0,0,0,0,0,0,0.0172413793103448,0,0,0.0344827586206897,0,0,0,0,0,0,0,0,0.0172413793103448,0,0,0,0.0344827586206897,0.0172413793103448,0,0,0,0,0.275862068965517,0.0172413793103448,0,0.0172413793103448,0,0,0,0,0.0517241379310345,0.0172413793103448,0,0.448275862068966,0.0172413793103448,0,0,0,0,0,0,0,0,0,0,0,0,0,0,0,0,0,0,0,0
"15",0,0,0,0,0,0,0,0,0,0,0,0,0,0,0,0,0,0,0,0,0,0,0,0,0,0,0,0,0,0,0,0,0.0454545454545455,0,0,0,0,0,0.409090909090909,0.0227272727272727,0,0.0454545454545455,0,0,0,0,0.0681818181818182,0.0227272727272727,0.0227272727272727,0.340909090909091,0.0227272727272727,0,0,0,0,0,0,0,0,0,0,0,0,0,0,0,0,0,0,0,0
"16",0.00970873786407767,0,0,0,0,0,0,0,0,0,0.0194174757281553,0.00970873786407767,0,0.194174757281553,0.00970873786407767,0,0,0,0,0,0,0,0.00970873786407767,0,0,0,0,0,0,0,0,0,0.0388349514563107,0,0.495145631067961,0,0,0,0.0194174757281553,0,0,0,0,0,0.00970873786407767,0,0,0,0,0.12621359223301,0,0,0,0,0,0.029126213592233,0,0,0,0,0,0,0,0,0.029126213592233,0,0,0,0,0,0
"17",0,0,0,0,0,0,0,0,0,0,0,0,0,0,0,0,0,0,0,0,0,0,0,0,0,0,0,0,0.0185185185185185,0,0,0,0.0185185185185185,0,0,0,0,0,0.444444444444444,0,0,0,0,0,0,0,0,0,0,0.462962962962963,0.0555555555555556,0,0,0,0,0,0,0,0,0,0,0,0,0,0,0,0,0,0,0,0
"18",0,0,0,0,0,0,0,0,0,0,0,0,0,0,0,0,0,0,0,0,0,0,0.0192307692307692,0,0,0,0,0,0,0,0,0,0.0384615384615385,0.0192307692307692,0.0192307692307692,0,0,0,0.134615384615385,0,0,0,0,0,0,0,0.0769230769230769,0.0192307692307692,0,0.653846153846154,0,0,0.0192307692307692,0,0,0,0,0,0,0,0,0,0,0,0,0,0,0,0,0,0
"19",0.0105263157894737,0,0,0,0,0,0,0,0.231578947368421,0.0315789473684211,0.0210526315789474,0,0,0.378947368421053,0.0526315789473684,0,0,0,0.0105263157894737,0,0,0,0,0,0,0,0.0210526315789474,0,0,0,0,0,0,0,0.221052631578947,0.0105263157894737,0,0,0,0,0,0,0,0,0,0,0,0,0,0,0,0,0,0,0,0,0.0105263157894737,0,0,0,0,0,0,0,0,0,0,0,0,0,0
"20",0,0,0,0,0,0,0,0,0,0,0,0,0,0.191489361702128,0.0106382978723404,0,0,0,0,0.0425531914893617,0.0106382978723404,0,0,0,0,0.0212765957446809,0,0,0,0,0,0,0,0,0.404255319148936,0,0,0,0,0,0.0106382978723404,0,0,0,0,0,0,0,0,0.297872340425532,0,0,0,0,0,0,0,0,0,0,0,0,0,0,0.0106382978723404,0,0,0,0,0,0
"21",0.0344827586206897,0,0,0,0,0,0,0,0,0.0229885057471264,0.0459770114942529,0,0,0.241379310344828,0,0,0,0,0,0,0,0,0,0,0,0,0,0,0,0,0,0,0,0,0.64367816091954,0,0,0,0,0,0,0,0,0,0,0,0,0,0,0,0,0,0,0,0,0,0.0114942528735632,0,0,0,0,0,0,0,0,0,0,0,0,0,0
"23",0,0,0.027027027027027,0,0,0,0,0,0,0,0.0810810810810811,0,0,0.5,0.0405405405405405,0.0405405405405405,0,0,0,0,0,0,0,0,0,0,0,0,0,0,0,0,0.0135135135135135,0.0405405405405405,0.148648648648649,0,0,0,0,0,0.027027027027027,0,0,0,0,0,0,0,0,0,0,0,0,0,0,0.0405405405405405,0.0405405405405405,0,0,0,0,0,0,0,0,0,0,0,0,0,0
"24",0,0,0,0,0,0,0,0,0.0845070422535211,0.0422535211267606,0.0140845070422535,0,0,0.225352112676056,0,0,0,0,0,0.0140845070422535,0,0,0,0,0,0,0.0140845070422535,0,0,0,0,0,0,0,0.507042253521127,0.028169014084507,0,0,0.0140845070422535,0,0,0,0,0,0,0,0,0,0,0,0,0,0,0,0,0,0.0563380281690141,0,0,0,0,0,0,0,0,0,0,0,0,0,0
"32",0,0,0,0,0,0,0,0,0,0.00900900900900901,0.036036036036036,0,0,0.603603603603604,0.0630630630630631,0.00900900900900901,0,0,0,0,0,0,0,0,0,0,0,0,0,0,0,0,0,0,0.045045045045045,0,0,0,0,0,0.027027027027027,0,0,0,0.0630630630630631,0,0,0,0,0,0,0,0,0,0,0,0.144144144144144,0,0,0,0,0,0,0,0,0,0,0,0,0,0
"33",0.0428571428571429,0,0,0,0,0,0,0,0.0142857142857143,0,0,0,0.0142857142857143,0,0,0,0,0,0,0,0,0,0.0142857142857143,0,0,0,0,0,0,0,0,0,0,0,0,0,0,0,0.242857142857143,0,0,0.0142857142857143,0,0,0,0,0.0571428571428571,0.0142857142857143,0,0.242857142857143,0.271428571428571,0,0,0,0.0714285714285714,0,0,0,0,0,0,0,0,0,0,0,0,0,0,0,0
"38",0,0,0,0,0,0,0,0,0.0377358490566038,0,0.0471698113207547,0,0,0.5,0,0,0,0,0,0.132075471698113,0,0,0,0,0,0,0,0,0,0,0,0,0,0.0188679245283019,0.226415094339623,0,0,0,0,0,0,0,0,0,0,0,0,0,0,0,0,0,0,0,0,0,0.0377358490566038,0,0,0,0,0,0,0,0,0,0,0,0,0,0
"39",0,0,0,0,0,0,0.0289855072463768,0,0,0,0,0,0,0.115942028985507,0.0144927536231884,0,0,0,0,0,0,0,0,0.0144927536231884,0,0,0,0,0,0,0,0,0,0.0579710144927536,0,0,0,0,0.217391304347826,0,0,0,0,0,0.0289855072463768,0,0,0,0,0.420289855072464,0.101449275362319,0,0,0,0,0,0,0,0,0,0,0,0,0,0,0,0,0,0,0,0
"40",0.00943396226415094,0,0,0,0,0,0,0,0.0188679245283019,0.0283018867924528,0.0660377358490566,0,0,0.311320754716981,0.0283018867924528,0.00943396226415094,0,0,0,0,0,0,0,0,0,0,0,0,0,0,0,0,0.0283018867924528,0,0.330188679245283,0,0,0,0,0,0,0,0,0,0,0,0,0,0,0,0,0,0,0,0,0,0.169811320754717,0,0,0,0,0,0,0,0,0,0,0,0,0,0
"42",0,0,0,0,0,0,0,0,0.0357142857142857,0.0535714285714286,0.0357142857142857,0.00892857142857143,0,0.419642857142857,0,0,0,0,0.00892857142857143,0.0267857142857143,0,0,0,0,0,0,0.00892857142857143,0,0,0,0,0,0,0,0.339285714285714,0.0178571428571429,0,0,0.0267857142857143,0,0,0,0,0,0.0178571428571429,0,0,0,0,0,0,0,0,0,0,0,0,0,0,0,0,0,0,0,0,0,0,0,0,0,0
"43",0,0,0,0,0,0,0,0,0.114583333333333,0,0,0,0,0.354166666666667,0.0104166666666667,0,0,0,0.0208333333333333,0,0,0,0,0,0,0,0,0.0104166666666667,0,0,0.0833333333333333,0,0,0.0104166666666667,0.291666666666667,0,0,0,0,0,0,0,0,0,0.0416666666666667,0,0,0,0,0,0,0,0,0,0,0,0.0625,0,0,0,0,0,0,0,0,0,0,0,0,0,0
"44",0,0,0,0,0,0,0,0,0.00819672131147541,0.0819672131147541,0,0,0,0.131147540983607,0.0163934426229508,0,0,0,0,0.213114754098361,0.00819672131147541,0,0,0,0,0,0,0,0,0,0,0,0,0,0.213114754098361,0,0,0,0.114754098360656,0,0,0,0,0,0,0,0,0.00819672131147541,0,0.0901639344262295,0.00819672131147541,0,0,0,0,0,0.10655737704918,0,0,0,0,0,0,0,0,0,0,0,0,0,0
"47",0.0267857142857143,0,0,0,0,0,0,0,0.00892857142857143,0.0535714285714286,0.0178571428571429,0,0,0.428571428571429,0.0357142857142857,0,0,0,0,0.0446428571428571,0,0,0,0,0.00892857142857143,0,0.00892857142857143,0,0,0,0,0,0,0.0357142857142857,0.125,0,0,0,0,0,0,0,0,0,0,0,0,0,0,0.169642857142857,0,0,0,0,0,0,0.0357142857142857,0,0,0,0,0,0,0,0,0,0,0,0,0,0
"48",0.0275229357798165,0,0,0,0,0,0,0,0.110091743119266,0.018348623853211,0.018348623853211,0.0275229357798165,0,0.275229357798165,0,0,0,0,0,0.073394495412844,0,0,0,0,0.00917431192660551,0,0,0,0,0,0,0,0,0,0.211009174311927,0,0,0,0,0,0,0,0,0,0,0,0,0,0,0,0,0,0,0,0,0,0.229357798165138,0,0,0,0,0,0,0,0,0,0,0,0,0,0
"50",0.0490196078431373,0,0,0,0,0,0,0,0.0980392156862745,0.0686274509803922,0.107843137254902,0.00980392156862745,0,0,0,0.00980392156862745,0,0,0,0.00980392156862745,0,0,0,0,0,0,0,0,0,0,0,0,0,0,0.00980392156862745,0,0,0,0.117647058823529,0,0,0,0,0,0,0,0,0,0,0.333333333333333,0,0,0,0,0,0,0.186274509803922,0,0,0,0,0,0,0,0,0,0,0,0,0,0
"57",0.0188679245283019,0,0,0,0,0,0,0,0.0377358490566038,0.132075471698113,0,0.0283018867924528,0,0.0943396226415094,0.0188679245283019,0,0,0,0,0,0,0,0,0,0.00943396226415094,0,0,0,0,0,0,0,0.00943396226415094,0,0.566037735849057,0,0,0,0,0,0.00943396226415094,0,0,0,0,0,0,0,0,0,0,0,0,0.00943396226415094,0,0,0,0,0,0,0,0,0.0660377358490566,0,0,0,0,0,0,0,0
"59",0.0121951219512195,0,0,0,0,0,0,0,0,0.0731707317073171,0.0121951219512195,0.024390243902439,0,0.231707317073171,0.0121951219512195,0,0,0,0,0,0,0,0,0,0,0,0,0,0,0,0,0,0,0,0.0731707317073171,0,0,0,0,0,0.207317073170732,0,0,0,0,0,0,0,0,0,0,0,0,0,0,0,0.353658536585366,0,0,0,0,0,0,0,0,0,0,0,0,0,0
"60",0.0105263157894737,0,0,0,0,0,0,0,0.0210526315789474,0.136842105263158,0.0421052631578947,0,0,0.0842105263157895,0.0105263157894737,0,0,0,0,0,0,0,0,0,0,0,0,0,0,0,0,0,0,0,0.0315789473684211,0,0,0,0,0,0.126315789473684,0,0,0,0,0,0,0,0,0,0,0,0,0.0105263157894737,0,0,0.484210526315789,0.0421052631578947,0,0,0,0,0,0,0,0,0,0,0,0,0
"61",0.0505050505050505,0,0,0,0,0,0,0,0,0,0.0202020202020202,0,0,0.232323232323232,0.0202020202020202,0,0,0,0,0.0606060606060606,0,0,0,0,0,0,0,0,0,0,0,0,0.0101010101010101,0,0.0101010101010101,0,0,0,0.373737373737374,0,0,0.0101010101010101,0,0,0,0,0,0,0,0.171717171717172,0.0404040404040404,0,0,0,0,0,0,0,0,0,0,0,0,0,0,0,0,0,0,0,0
"67",0.0317460317460317,0,0,0,0,0,0,0,0,0,0.126984126984127,0.0158730158730159,0,0.365079365079365,0,0.0476190476190476,0,0,0,0,0,0,0,0,0,0,0,0,0,0,0,0,0,0,0.166666666666667,0,0,0,0.0396825396825397,0,0,0,0,0,0,0,0,0,0,0,0.0476190476190476,0,0,0,0,0,0.158730158730159,0,0,0,0,0,0,0,0,0,0,0,0,0,0
"68",0,0,0,0,0,0,0,0,0.0111111111111111,0.0333333333333333,0.0666666666666667,0.0444444444444444,0,0.344444444444444,0.0222222222222222,0.0222222222222222,0,0,0,0,0,0,0,0,0,0,0,0,0,0,0,0,0,0,0.0111111111111111,0,0,0,0,0,0.0777777777777778,0,0,0,0,0,0,0,0,0,0,0,0,0,0,0,0.366666666666667,0,0,0,0,0,0,0,0,0,0,0,0,0,0
"73",0,0,0,0,0,0,0,0,0,0.046875,0.0234375,0.015625,0,0.4296875,0.0078125,0.03125,0,0,0.0078125,0,0,0,0,0,0,0,0,0,0,0,0,0,0,0.0078125,0.375,0,0,0,0,0,0,0,0,0,0,0,0,0,0,0,0,0,0,0,0,0,0.0546875,0,0,0,0,0,0,0,0,0,0,0,0,0,0
"77",0.0756302521008403,0,0,0,0,0,0,0,0,0,0.0252100840336134,0,0,0.294117647058824,0,0.0168067226890756,0,0,0,0,0,0,0,0,0,0.00840336134453781,0,0,0,0,0,0,0.00840336134453781,0.0168067226890756,0.327731092436975,0.00840336134453781,0,0,0.0420168067226891,0,0,0,0,0,0,0,0,0,0,0.142857142857143,0.0168067226890756,0,0,0,0,0,0.0168067226890756,0,0,0,0,0,0,0,0,0,0,0,0,0,0
"80",0.040983606557377,0,0,0,0,0,0,0,0.0245901639344262,0.0491803278688525,0,0,0,0.508196721311475,0.0737704918032787,0,0,0,0,0,0,0,0,0,0,0,0.0163934426229508,0,0,0,0,0,0,0.0327868852459016,0.229508196721311,0,0,0,0.00819672131147541,0,0,0,0,0,0,0,0,0,0,0,0,0,0,0,0,0,0.0163934426229508,0,0,0,0,0,0,0,0,0,0,0,0,0,0
"82",0.0566037735849057,0,0,0,0,0,0,0,0,0.0566037735849057,0.0283018867924528,0,0,0.547169811320755,0.0188679245283019,0,0,0,0.00943396226415094,0.0471698113207547,0,0,0,0,0,0.00943396226415094,0,0,0,0,0,0,0,0,0.0660377358490566,0.00943396226415094,0,0,0,0,0,0,0,0,0,0,0,0,0,0,0,0,0,0,0,0,0.150943396226415,0,0,0,0,0,0,0,0,0,0,0,0,0,0
"90",0,0,0,0,0,0,0,0,0.0431034482758621,0.0258620689655172,0.0689655172413793,0,0,0.681034482758621,0.0172413793103448,0.00862068965517241,0,0,0.00862068965517241,0,0,0,0,0,0,0,0,0,0,0,0,0,0,0,0.0603448275862069,0,0,0,0,0,0,0,0,0,0.0172413793103448,0,0,0,0,0,0,0,0,0,0,0,0.0689655172413793,0,0,0,0,0,0,0,0,0,0,0,0,0,0
"B1_1",0,0,0,0,0,0,0,0,0.0643776824034335,0.0515021459227468,0,0.00429184549356223,0,0.0600858369098712,0.00429184549356223,0,0,0,0,0,0,0,0,0.00429184549356223,0,0,0,0,0,0,0,0,0.00429184549356223,0.00429184549356223,0.00858369098712446,0,0,0,0,0,0.0171673819742489,0,0,0,0,0,0,0,0,0,0,0,0,0,0,0,0.755364806866953,0.0214592274678112,0,0,0,0,0,0,0,0,0,0,0,0,0
"B1_10",0,0,0,0,0,0,0,0,0.0149253731343284,0.0348258706467662,0,0,0,0.716417910447761,0.0398009950248756,0,0,0,0,0,0,0,0,0,0,0,0,0,0,0,0,0,0.0447761194029851,0,0.124378109452736,0,0,0,0,0,0.00995024875621891,0,0,0,0,0,0,0,0,0,0,0,0,0,0,0,0.00995024875621891,0.00497512437810945,0,0,0,0,0,0,0,0,0,0,0,0,0
"B1_2",0,0,0,0,0,0,0,0,0,0,0.0947368421052632,0,0,0.131578947368421,0,0.0105263157894737,0,0,0,0,0,0,0,0,0,0,0,0.0105263157894737,0,0,0,0,0.0210526315789474,0,0.105263157894737,0,0,0,0,0,0.0105263157894737,0,0,0,0.0210526315789474,0,0.00526315789473684,0,0,0,0,0,0,0.00526315789473684,0,0,0.58421052631579,0,0,0,0,0,0,0,0,0,0,0,0,0,0
"B1_3",0.0109289617486339,0,0,0,0,0,0.0491803278688525,0,0,0,0.0327868852459016,0,0,0.120218579234973,0.0273224043715847,0.0109289617486339,0,0,0,0,0,0,0,0,0,0,0,0,0,0,0,0,0,0,0.0109289617486339,0,0,0,0,0,0.0109289617486339,0,0,0,0.120218579234973,0,0,0,0,0,0,0,0,0.00546448087431694,0,0,0.595628415300546,0,0,0,0,0,0,0,0,0,0,0,0.00546448087431694,0,0
"B1_4",0,0,0,0,0,0,0,0,0,0.0112994350282486,0.0282485875706215,0,0,0.129943502824859,0.0282485875706215,0.0508474576271186,0,0,0.00564971751412429,0,0,0,0,0,0,0,0,0.00564971751412429,0,0,0,0,0,0,0,0,0,0,0,0,0.0169491525423729,0,0,0,0.0169491525423729,0,0,0,0,0,0,0,0,0,0,0,0.644067796610169,0.00564971751412429,0,0,0,0,0,0,0,0,0,0.0564971751412429,0,0,0
"B1_5",0,0,0,0,0,0,0,0,0,0.0123456790123457,0.0864197530864197,0,0,0.432098765432099,0.0123456790123457,0.0123456790123457,0,0,0,0,0,0,0,0,0,0,0,0,0,0,0,0,0,0.00617283950617284,0.104938271604938,0.0123456790123457,0,0,0,0,0,0,0,0,0,0,0,0,0,0,0,0,0,0,0,0,0.308641975308642,0.0123456790123457,0,0,0,0,0,0,0,0,0,0,0,0,0
"B1_6",0,0,0,0,0,0,0,0,0,0.014218009478673,0.0616113744075829,0,0,0.393364928909953,0.023696682464455,0.023696682464455,0,0,0.004739336492891,0.00947867298578199,0,0,0,0,0,0.004739336492891,0,0,0,0,0,0,0.00947867298578199,0,0.0568720379146919,0,0,0,0,0,0,0,0,0,0.004739336492891,0,0,0,0,0,0,0,0,0,0,0,0.388625592417062,0.004739336492891,0,0,0,0,0,0,0,0,0,0,0,0,0
"B1_7",0.0233644859813084,0,0,0,0,0,0,0,0.121495327102804,0.0560747663551402,0.014018691588785,0,0,0.313084112149533,0.0186915887850467,0.00467289719626168,0,0,0.00934579439252336,0.014018691588785,0,0,0,0,0,0,0,0,0,0,0.00934579439252336,0,0,0,0.0420560747663551,0,0,0,0,0,0,0,0,0,0.014018691588785,0,0,0,0,0,0,0.00467289719626168,0,0,0,0,0.327102803738318,0,0,0,0,0,0,0,0,0,0,0.0280373831775701,0,0,0
"B1_8",0,0,0,0.00588235294117647,0,0,0,0,0,0,0.0117647058823529,0,0,0.00588235294117647,0,0.0117647058823529,0,0,0,0,0,0,0,0,0,0.00588235294117647,0,0.00588235294117647,0,0,0,0,0,0,0,0,0,0,0,0,0.00588235294117647,0,0,0,0.0176470588235294,0,0,0,0,0,0,0.0647058823529412,0,0,0,0,0.764705882352941,0,0,0,0,0,0,0,0,0,0.00588235294117647,0.0941176470588235,0,0,0
"B1_9",0,0,0,0,0,0,0,0,0,0.0348258706467662,0,0,0,0.238805970149254,0.00995024875621891,0,0,0,0,0,0,0,0,0,0,0,0,0,0,0,0,0,0.00995024875621891,0,0.159203980099502,0,0,0,0,0,0,0,0,0,0.00497512437810945,0,0,0,0,0,0,0,0,0,0,0,0.532338308457711,0.00995024875621891,0,0,0,0,0,0,0,0,0,0,0,0,0
"B2_1",0,0,0,0.0220994475138122,0,0,0.00552486187845304,0,0,0,0,0,0,0.375690607734807,0.0220994475138122,0.00552486187845304,0,0,0,0,0,0,0,0,0,0,0,0,0,0,0,0,0,0,0.0386740331491713,0,0,0,0,0,0.0552486187845304,0,0,0,0.0828729281767956,0,0,0,0,0,0,0.00552486187845304,0,0,0,0,0.337016574585635,0,0,0,0,0,0,0,0,0,0.00552486187845304,0.0441988950276243,0,0,0
"B2_10",0,0,0,0,0,0,0,0,0.0608108108108108,0.0675675675675676,0,0,0,0.418918918918919,0.027027027027027,0,0,0,0,0,0,0,0,0,0,0,0,0,0,0,0.027027027027027,0,0,0,0.337837837837838,0.0135135135135135,0,0,0,0,0.00675675675675676,0,0,0,0,0,0,0,0,0,0,0,0,0,0,0,0.0405405405405405,0,0,0,0,0,0,0,0,0,0,0,0,0,0
"B2_2",0,0,0,0,0,0,0,0,0,0.0436893203883495,0.0339805825242718,0,0,0.635922330097087,0.00485436893203883,0,0,0,0,0,0,0,0,0,0,0,0,0,0,0,0,0,0,0,0.121359223300971,0,0,0,0,0,0,0,0,0,0,0,0,0,0,0,0,0,0,0,0,0,0.160194174757282,0,0,0,0,0,0,0,0,0,0,0,0,0,0
"B2_4",0,0,0,0,0,0,0,0,0.0166666666666667,0.0166666666666667,0,0,0,0.605555555555556,0.0277777777777778,0.00555555555555556,0,0,0,0,0,0,0,0,0,0,0,0,0,0,0.00555555555555556,0,0,0,0.0555555555555556,0,0,0,0,0,0.0277777777777778,0,0,0,0,0,0,0,0,0,0,0,0,0.00555555555555556,0,0,0.216666666666667,0.0166666666666667,0,0,0,0,0,0,0,0,0,0,0,0,0
"B2_5",0.02,0,0,0,0,0,0,0,0,0.03,0,0,0,0.53,0.02,0,0,0,0,0,0,0,0,0,0,0,0,0,0,0,0,0,0,0.005,0.095,0,0,0,0,0,0,0,0,0,0.005,0,0,0,0,0,0,0,0,0,0,0,0.285,0.01,0,0,0,0,0,0,0,0,0,0,0,0,0
"B2_6",0.00588235294117647,0,0,0,0,0,0,0,0,0.00588235294117647,0.00588235294117647,0,0,0.564705882352941,0.0176470588235294,0,0,0,0,0.0529411764705882,0,0,0,0,0,0,0,0,0,0,0.0117647058823529,0,0,0,0.170588235294118,0,0,0,0,0,0.00588235294117647,0,0,0,0.0235294117647059,0,0,0,0,0,0,0.00588235294117647,0,0,0,0,0.123529411764706,0.00588235294117647,0,0,0,0,0,0,0,0,0,0,0,0,0
"B2_7",0.00546448087431694,0,0,0,0,0,0,0,0,0.0983606557377049,0,0.0109289617486339,0,0.557377049180328,0.0163934426229508,0,0,0,0,0.00546448087431694,0,0,0,0.00546448087431694,0,0,0,0,0,0,0,0,0.00546448087431694,0.00546448087431694,0.092896174863388,0,0,0,0,0,0,0.00546448087431694,0,0,0,0,0,0,0,0,0,0,0,0,0,0,0.180327868852459,0,0,0,0,0,0,0,0,0,0,0.0109289617486339,0,0,0
"B2_8",0,0,0,0,0,0,0,0,0,0,0,0,0,0.297752808988764,0.0842696629213483,0,0,0,0,0,0,0,0,0,0,0,0,0,0,0,0,0,0,0,0.0224719101123595,0,0,0,0,0,0,0,0,0,0.134831460674157,0.00561797752808989,0,0,0,0,0,0,0,0,0,0,0.426966292134831,0.0280898876404494,0,0,0,0,0,0,0,0,0,0,0,0,0
"B2_9",0,0,0,0,0,0,0,0,0.0279329608938547,0.0335195530726257,0.00558659217877095,0,0,0.592178770949721,0.0335195530726257,0,0,0,0,0,0,0,0,0,0,0,0,0,0,0,0,0,0,0,0.111731843575419,0,0,0,0,0,0.0223463687150838,0,0,0,0,0,0,0,0,0,0,0,0,0,0,0,0.167597765363128,0.00558659217877095,0,0,0,0,0,0,0,0,0,0,0,0,0
"B3_1",0.0229885057471264,0,0,0,0,0,0,0,0.0114942528735632,0.0344827586206897,0,0,0,0.402298850574713,0.0344827586206897,0,0,0,0,0,0,0,0,0,0,0,0.00574712643678161,0,0,0,0,0,0.14367816091954,0.0114942528735632,0.304597701149425,0,0,0,0,0,0,0,0,0,0,0,0,0,0,0,0,0,0,0,0,0,0.0229885057471264,0.00574712643678161,0,0,0,0,0,0,0,0,0,0,0,0,0
"B3_10",0,0,0,0,0,0,0,0,0.0930232558139535,0.0406976744186047,0.0174418604651163,0,0,0.38953488372093,0.0116279069767442,0,0,0,0,0,0,0,0,0,0,0.00581395348837209,0,0,0,0,0,0,0.00581395348837209,0.00581395348837209,0.104651162790698,0.00581395348837209,0,0,0.0290697674418605,0,0.0116279069767442,0,0,0,0,0,0,0,0,0.0290697674418605,0,0,0,0,0,0,0.244186046511628,0,0,0,0,0,0,0,0,0,0,0,0.00581395348837209,0,0
"B3_2",0,0,0,0,0,0,0,0,0,0.0123456790123457,0,0,0,0.382716049382716,0.0432098765432099,0,0,0,0,0,0,0,0,0,0,0.00617283950617284,0,0,0,0,0,0,0.0308641975308642,0,0.216049382716049,0.00617283950617284,0,0,0,0,0.0246913580246914,0,0,0,0.00617283950617284,0,0,0,0,0,0,0,0,0,0,0,0.271604938271605,0,0,0,0,0,0,0,0,0,0,0,0,0,0
"B3_3",0,0,0,0,0,0,0,0,0,0,0.0078740157480315,0,0,0.535433070866142,0.031496062992126,0.0236220472440945,0,0,0,0,0,0,0,0,0,0,0,0,0,0,0,0,0,0,0,0,0,0,0,0,0,0,0,0,0.015748031496063,0,0,0,0,0,0,0,0,0.0708661417322835,0,0,0.251968503937008,0.031496062992126,0,0,0,0,0,0,0,0,0,0.015748031496063,0.015748031496063,0,0
"B3_4",0,0,0,0.00423728813559322,0,0,0,0,0,0,0.0169491525423729,0,0,0.432203389830508,0.0127118644067797,0.00423728813559322,0,0,0,0,0,0,0,0,0,0,0,0.0254237288135593,0,0,0,0,0,0,0.0338983050847458,0,0,0,0,0,0,0,0,0,0.110169491525424,0,0,0,0,0,0,0.00423728813559322,0,0.00423728813559322,0,0,0.338983050847458,0.00423728813559322,0,0,0,0,0,0,0,0,0,0.00847457627118644,0,0,0
"B3_5",0,0,0,0,0,0,0,0,0,0,0,0,0,0.24025974025974,0,0,0,0,0,0,0,0,0,0,0,0,0,0.012987012987013,0,0,0,0,0.00649350649350649,0,0.012987012987013,0,0,0,0.00649350649350649,0,0.00649350649350649,0,0,0,0,0,0,0,0,0,0,0,0,0.0844155844155844,0,0,0.597402597402597,0.0194805194805195,0,0,0,0,0,0,0,0,0.00649350649350649,0,0.00649350649350649,0,0
"B3_6",0.00934579439252336,0,0,0,0,0,0,0,0.00467289719626168,0.107476635514019,0.0186915887850467,0,0,0.411214953271028,0.0373831775700935,0,0,0,0,0.00467289719626168,0,0,0,0,0,0,0,0,0,0,0,0,0,0.00467289719626168,0.233644859813084,0.014018691588785,0,0,0,0,0,0,0,0,0.00467289719626168,0,0,0,0,0,0,0,0,0,0,0,0.149532710280374,0,0,0,0,0,0,0,0,0,0,0,0,0,0
"B3_7",0.0197044334975369,0,0,0,0,0,0,0,0.00985221674876847,0.0689655172413793,0.0246305418719212,0,0,0.374384236453202,0.0197044334975369,0,0,0,0,0,0,0,0,0,0,0,0.00985221674876847,0,0,0,0,0,0.103448275862069,0.0344827586206897,0.29064039408867,0.00492610837438424,0,0,0,0,0,0,0,0,0,0,0,0,0,0.0147783251231527,0,0,0,0,0,0,0.0246305418719212,0,0,0,0,0,0,0,0,0,0,0,0,0,0
"B3_8",0,0,0,0,0,0,0,0,0,0.0147058823529412,0,0,0,0.830882352941177,0.0441176470588235,0,0,0,0,0,0,0,0,0,0,0,0,0,0,0,0,0,0,0.00735294117647059,0,0,0,0,0,0,0,0,0,0,0,0.00735294117647059,0,0,0,0,0,0,0,0,0,0,0.0808823529411765,0.00735294117647059,0,0,0,0,0,0,0,0,0,0.00735294117647059,0,0,0
"B3_9",0,0,0,0.00492610837438424,0,0,0,0,0,0,0,0,0,0.684729064039409,0.0147783251231527,0.00492610837438424,0,0,0,0,0,0,0,0,0,0,0,0,0,0,0.00492610837438424,0,0,0,0.0394088669950739,0.00492610837438424,0,0,0,0,0,0,0,0,0.0689655172413793,0,0,0,0,0,0,0.0197044334975369,0,0,0,0,0.137931034482759,0.00492610837438424,0,0,0,0,0,0,0,0,0,0.00985221674876847,0,0,0
"B4_1",0.0206185567010309,0,0,0,0,0,0,0,0.00515463917525773,0.0309278350515464,0.0103092783505155,0.0154639175257732,0,0.391752577319588,0.0206185567010309,0,0,0,0,0,0,0,0,0,0,0,0,0,0,0,0,0,0.0309278350515464,0.0309278350515464,0.298969072164948,0.0103092783505155,0,0,0,0,0,0,0,0,0.00515463917525773,0.00515463917525773,0,0,0,0,0,0,0,0,0,0,0.118556701030928,0,0,0,0,0,0,0,0,0,0,0,0,0.00515463917525773,0
"B4_10",0.012987012987013,0,0,0,0,0,0,0,0,0.0324675324675325,0.051948051948052,0,0,0.279220779220779,0.0194805194805195,0,0,0,0,0.00649350649350649,0,0,0,0,0,0,0,0,0,0,0,0,0.0649350649350649,0.0194805194805195,0.5,0,0,0,0.00649350649350649,0,0,0,0,0,0.00649350649350649,0,0,0,0,0,0,0,0,0,0,0,0,0,0,0,0,0,0,0,0,0,0,0,0,0,0
"B4_2",0.00775193798449612,0,0,0,0,0,0.00775193798449612,0,0.00775193798449612,0.0542635658914729,0.0465116279069767,0,0,0.472868217054264,0.0232558139534884,0.0155038759689922,0,0,0,0,0,0,0,0,0,0,0,0,0,0,0,0,0.062015503875969,0.0155038759689922,0.0465116279069767,0,0,0,0,0,0,0,0,0,0.0310077519379845,0,0.00775193798449612,0,0,0,0,0,0,0,0,0,0.201550387596899,0,0,0,0,0,0,0,0,0,0,0,0,0,0
"B4_3",0,0,0,0,0,0,0,0,0.00555555555555556,0.0944444444444444,0.00555555555555556,0,0,0.577777777777778,0.0833333333333333,0,0,0,0,0,0,0,0,0,0,0,0,0,0,0,0,0,0.0166666666666667,0.0111111111111111,0.111111111111111,0,0,0,0,0,0,0.00555555555555556,0,0,0,0,0,0,0,0.0333333333333333,0,0,0,0,0,0,0.0555555555555556,0,0,0,0,0,0,0,0,0,0,0,0,0,0
"B4_4",0.010989010989011,0,0,0,0,0,0,0,0,0.0549450549450549,0,0,0,0.478021978021978,0.043956043956044,0,0,0,0,0,0,0,0,0,0,0,0,0,0,0,0,0,0,0.00549450549450549,0.181318681318681,0.010989010989011,0,0,0.00549450549450549,0,0,0,0,0,0.00549450549450549,0,0,0,0,0,0,0,0,0,0,0,0.203296703296703,0,0,0,0,0,0,0,0,0,0,0,0,0,0
"B4_6",0,0,0,0,0,0,0,0,0.0561224489795918,0.0255102040816327,0,0,0,0.204081632653061,0.0306122448979592,0,0,0,0,0,0,0,0,0,0,0,0,0,0,0,0,0,0.00510204081632653,0.00510204081632653,0.0969387755102041,0,0,0,0,0,0.0102040816326531,0,0,0,0.0153061224489796,0,0,0,0,0,0,0,0,0,0,0,0.540816326530612,0.0102040816326531,0,0,0,0,0,0,0,0,0,0,0,0,0
"B4_7",0,0,0,0,0,0,0,0,0,0.0154639175257732,0.0257731958762887,0,0,0.618556701030928,0.0463917525773196,0,0,0,0,0,0,0,0,0,0,0,0,0,0,0,0,0,0,0,0.00515463917525773,0,0,0,0,0,0.00515463917525773,0,0,0,0.0154639175257732,0.00515463917525773,0,0,0,0,0,0,0,0,0,0,0.237113402061856,0.0206185567010309,0,0,0,0,0,0,0,0,0,0,0.00515463917525773,0,0
"B4_8",0.00956937799043062,0,0,0,0,0,0,0,0,0,0.062200956937799,0,0,0,0,0.114832535885167,0,0,0,0,0,0,0,0,0,0,0,0,0,0,0,0,0,0.00478468899521531,0.00478468899521531,0,0,0,0,0,0,0,0,0,0.177033492822967,0,0,0,0,0,0,0,0,0,0,0,0.61244019138756,0.00956937799043062,0,0,0,0,0,0,0,0,0,0,0.00478468899521531,0,0
"B4_9",0.0422535211267606,0,0,0,0,0,0,0,0,0.0422535211267606,0.00704225352112676,0,0,0.253521126760563,0.0352112676056338,0,0,0,0,0,0,0,0,0,0,0.00704225352112676,0,0,0,0,0,0,0.0211267605633803,0.00704225352112676,0.21830985915493,0,0,0,0.0211267605633803,0,0,0,0,0,0.028169014084507,0.00704225352112676,0,0,0,0.133802816901408,0,0,0,0,0,0,0.176056338028169,0,0,0,0,0,0,0,0,0,0,0,0,0,0
"IL1_1",0,0,0,0,0,0,0,0,0.191860465116279,0.0406976744186047,0,0,0,0.569767441860465,0.0290697674418605,0,0,0,0,0,0,0,0,0,0,0,0,0.0116279069767442,0,0,0,0,0,0,0.063953488372093,0,0,0,0,0,0,0,0,0,0,0,0,0,0,0,0,0,0,0,0,0,0.0813953488372093,0,0,0,0,0,0,0,0,0,0,0,0,0,0.0116279069767442
"IL1_10",0,0,0,0,0,0,0,0,0,0,0.0240384615384615,0,0,0.586538461538462,0.0528846153846154,0.0192307692307692,0,0,0,0,0,0,0,0,0,0,0,0,0,0,0,0,0,0,0.00961538461538462,0,0,0,0,0,0.0192307692307692,0,0,0,0.0480769230769231,0,0,0,0,0,0,0,0,0,0,0,0.240384615384615,0,0,0,0,0,0,0,0,0,0,0,0,0,0
"IL1_3",0,0,0,0,0,0,0,0,0,0.00523560209424084,0.0418848167539267,0,0,0.130890052356021,0.0157068062827225,0.0209424083769634,0,0,0,0,0,0,0,0,0,0,0,0.0471204188481675,0,0,0,0,0,0,0.00523560209424084,0,0,0,0,0,0,0,0,0,0.0523560209424084,0,0,0,0,0,0,0,0,0,0,0,0.62303664921466,0.0418848167539267,0,0,0,0,0,0,0,0,0,0.0157068062827225,0,0,0
"IL1_4",0.00518134715025907,0,0,0,0,0,0,0,0.0673575129533679,0.0310880829015544,0,0,0,0.347150259067358,0.00518134715025907,0,0,0,0,0.124352331606218,0,0,0,0.00518134715025907,0,0.00518134715025907,0.0103626943005181,0,0,0,0,0,0.0362694300518135,0,0.170984455958549,0,0,0,0,0,0,0,0,0,0.0466321243523316,0,0,0,0,0,0,0,0,0,0,0,0.145077720207254,0,0,0,0,0,0,0,0,0,0,0,0,0,0
"IL1_5",0.0365853658536585,0,0,0,0,0,0,0,0,0.0426829268292683,0.0304878048780488,0,0,0.189024390243902,0.0121951219512195,0.00609756097560976,0,0,0.0121951219512195,0,0,0,0,0,0,0,0.0121951219512195,0,0,0,0,0,0.0182926829268293,0.0304878048780488,0.439024390243902,0.00609756097560976,0,0,0,0,0,0,0,0,0,0,0,0,0,0,0,0,0,0.00609756097560976,0,0,0.146341463414634,0,0,0,0,0,0,0,0,0,0,0,0,0.0121951219512195,0
"IL1_8",0,0,0,0,0,0,0,0,0.0127388535031847,0.0254777070063694,0.00636942675159236,0,0,0.668789808917197,0.00636942675159236,0.00636942675159236,0,0,0,0,0,0,0,0,0,0.00636942675159236,0,0.00636942675159236,0,0,0,0,0,0,0,0,0,0,0,0,0,0,0,0,0.0127388535031847,0,0,0,0,0,0,0,0,0,0,0,0.222929936305732,0.0127388535031847,0,0,0,0,0,0,0,0,0.00636942675159236,0,0.00636942675159236,0,0
"IL1_9",0,0,0,0,0,0,0.0379746835443038,0,0.0379746835443038,0.0126582278481013,0,0,0,0.20253164556962,0.0632911392405063,0,0,0,0,0,0,0,0,0,0,0,0,0,0,0,0,0,0,0,0.0126582278481013,0,0,0,0,0,0,0,0,0,0,0,0,0,0,0.632911392405063,0,0,0,0,0,0,0,0,0,0,0,0,0,0,0,0,0,0,0,0,0
"IL2_1",0.0256410256410256,0,0,0,0,0,0,0,0.0256410256410256,0.0384615384615385,0.0256410256410256,0,0,0.262820512820513,0.0256410256410256,0,0,0,0,0.0192307692307692,0,0,0,0,0,0,0,0,0,0,0,0,0.0448717948717949,0.0384615384615385,0.333333333333333,0,0,0,0,0,0,0,0,0,0,0,0.0256410256410256,0,0,0,0,0,0,0,0,0,0.134615384615385,0,0,0,0,0,0,0,0,0,0,0,0,0,0
"IL2_10",0,0,0,0,0,0,0,0,0.0298507462686567,0.054726368159204,0.0199004975124378,0,0,0.358208955223881,0.0298507462686567,0,0,0,0,0.0497512437810945,0,0,0,0.00497512437810945,0,0,0,0,0,0,0,0,0.0248756218905473,0.0149253731343284,0.283582089552239,0,0,0,0,0,0.00497512437810945,0,0,0,0,0,0,0,0,0,0,0,0,0,0,0,0.124378109452736,0,0,0,0,0,0,0,0,0,0,0,0,0,0
"IL2_2",0,0,0,0,0,0,0,0,0,0.00649350649350649,0.0194805194805195,0,0,0.467532467532468,0.0194805194805195,0.0194805194805195,0,0,0,0,0,0,0,0,0,0.00649350649350649,0,0.00649350649350649,0,0,0,0,0,0,0.00649350649350649,0,0,0,0,0,0.012987012987013,0,0,0,0.012987012987013,0.012987012987013,0,0,0,0,0,0,0,0,0,0,0.402597402597403,0.00649350649350649,0,0,0,0,0,0,0,0,0,0,0,0,0
"IL2_3",0.00442477876106195,0,0,0,0,0,0.00442477876106195,0,0.00884955752212389,0.0398230088495575,0.0132743362831858,0,0,0.566371681415929,0.0398230088495575,0,0,0,0,0,0,0,0,0,0,0,0,0,0,0,0,0,0.0132743362831858,0,0.084070796460177,0,0,0,0,0,0,0,0,0,0.00442477876106195,0,0,0,0,0,0,0.00442477876106195,0,0,0,0,0.207964601769911,0.00884955752212389,0,0,0,0,0,0,0,0,0,0,0,0,0
"IL2_4",0,0,0,0,0,0,0.00649350649350649,0,0,0.025974025974026,0,0,0,0.0649350649350649,0.012987012987013,0.0194805194805195,0,0,0,0,0,0,0,0,0,0.00649350649350649,0,0.00649350649350649,0,0,0,0,0,0,0.266233766233766,0,0,0,0,0,0,0,0,0,0.038961038961039,0,0,0,0,0,0,0,0,0,0,0,0.532467532467532,0,0,0,0,0,0,0,0,0,0,0,0,0.0194805194805195,0
"IL2_5",0,0,0,0.00526315789473684,0,0,0,0,0,0,0,0,0,0.126315789473684,0.0105263157894737,0,0,0,0,0,0,0,0,0,0,0,0,0.0157894736842105,0,0,0.00526315789473684,0,0,0,0.0210526315789474,0,0,0,0,0,0.0157894736842105,0,0,0,0.0736842105263158,0,0,0,0,0,0,0.0157894736842105,0,0.00526315789473684,0,0,0.694736842105263,0,0,0,0,0,0,0,0,0,0,0.0105263157894737,0,0,0
"IL2_7",0.0175438596491228,0,0,0,0,0,0,0,0.111111111111111,0.087719298245614,0.00584795321637427,0,0,0.374269005847953,0.0175438596491228,0.00584795321637427,0,0,0,0.00584795321637427,0,0,0,0,0,0,0.0175438596491228,0,0,0,0,0,0.0526315789473684,0,0.245614035087719,0.00584795321637427,0,0,0,0,0,0,0,0,0,0,0,0,0,0,0,0,0,0,0,0,0.0526315789473684,0,0,0,0,0,0,0,0,0,0,0,0,0,0
"IL2_8",0,0,0,0,0,0,0.00625,0,0.05625,0.025,0.0375,0,0,0.11875,0.00625,0.0125,0,0,0,0,0,0,0,0.00625,0,0,0,0.04375,0,0,0,0,0.05,0.0125,0.04375,0,0,0,0,0,0,0,0,0,0.01875,0,0,0,0,0,0,0,0,0,0,0,0.55,0,0,0,0,0,0,0,0,0,0,0.0125,0,0,0
"IL2_9",0.0116959064327485,0,0,0,0,0,0.00584795321637427,0,0,0.0467836257309941,0.0526315789473684,0,0,0.292397660818713,0.00584795321637427,0,0,0,0,0,0,0,0,0,0,0,0.0116959064327485,0,0,0,0,0,0.0175438596491228,0,0.16374269005848,0,0,0,0,0,0,0,0,0,0.0292397660818713,0.0116959064327485,0,0,0,0.0350877192982456,0,0.00584795321637427,0,0,0,0,0.304093567251462,0.00584795321637427,0,0,0,0,0,0,0,0,0,0,0,0,0
"IL3_1",0,0,0,0,0,0,0,0,0,0.0338983050847458,0.0169491525423729,0,0,0.310734463276836,0.00564971751412429,0,0,0,0,0,0,0,0,0,0,0,0,0,0,0,0,0,0.0734463276836158,0.00564971751412429,0.15819209039548,0,0,0,0,0,0.00564971751412429,0,0,0,0,0,0,0,0,0,0,0,0,0,0,0,0.389830508474576,0,0,0,0,0,0,0,0,0,0,0,0,0,0
"IL3_10",0.0164835164835165,0,0,0,0,0,0,0,0.0879120879120879,0.043956043956044,0.021978021978022,0,0,0.379120879120879,0.010989010989011,0,0,0,0,0.032967032967033,0,0,0,0,0,0,0.00549450549450549,0,0,0,0,0,0,0,0.0494505494505494,0.00549450549450549,0,0,0,0,0.00549450549450549,0,0,0,0.0714285714285714,0,0,0,0,0,0,0,0,0,0,0,0.236263736263736,0.010989010989011,0,0,0,0,0,0,0,0,0.00549450549450549,0,0,0.0164835164835165,0
"IL3_2",0,0,0,0,0,0,0,0,0.0700636942675159,0.0318471337579618,0.0700636942675159,0.00636942675159236,0,0.547770700636943,0.0382165605095541,0,0,0,0,0,0,0,0,0,0,0,0,0.0127388535031847,0,0,0,0,0,0,0,0,0,0,0,0,0,0,0,0,0.0191082802547771,0,0,0,0,0,0,0,0,0,0,0,0.197452229299363,0.00636942675159236,0,0,0,0,0,0,0,0,0,0,0,0,0
"IL3_3",0,0,0,0,0,0,0,0,0,0.0640394088669951,0.00492610837438424,0,0,0.310344827586207,0,0,0,0,0,0.00492610837438424,0,0,0,0,0,0,0.0147783251231527,0,0,0,0,0,0.00492610837438424,0.0147783251231527,0.54679802955665,0.0246305418719212,0,0,0,0,0,0,0,0,0.00492610837438424,0,0,0,0,0,0,0,0,0,0,0,0.00492610837438424,0,0,0,0,0,0,0,0,0,0,0,0,0,0
"IL3_4",0,0,0,0,0,0,0,0,0.133720930232558,0.0348837209302326,0.00581395348837209,0,0,0.430232558139535,0.0348837209302326,0.00581395348837209,0,0,0,0.0406976744186047,0,0,0,0,0,0.00581395348837209,0,0,0,0,0.00581395348837209,0,0,0,0.180232558139535,0.00581395348837209,0,0,0,0,0,0,0,0,0.00581395348837209,0,0,0,0,0,0,0,0,0,0,0,0.104651162790698,0.00581395348837209,0,0,0,0,0,0,0,0,0,0,0,0,0
"IL3_6",0,0,0,0,0,0,0,0,0.0952380952380952,0.0408163265306122,0,0,0,0.510204081632653,0.0136054421768707,0,0,0,0,0,0,0,0,0,0,0,0,0.0136054421768707,0,0,0,0,0,0,0.0476190476190476,0,0,0,0,0,0.0136054421768707,0,0,0,0.00680272108843537,0,0,0,0,0,0,0,0,0,0,0,0.258503401360544,0,0,0,0,0,0,0,0,0,0,0,0,0,0
"IL3_7",0,0,0,0.00495049504950495,0,0,0,0,0.0198019801980198,0.0247524752475248,0.0247524752475248,0,0,0.5,0,0.0445544554455446,0,0,0,0.00495049504950495,0,0,0,0,0,0,0,0,0,0,0.00495049504950495,0,0.0247524752475248,0.00495049504950495,0.212871287128713,0,0,0,0,0,0.00495049504950495,0,0,0,0.00495049504950495,0,0,0,0,0,0,0,0,0,0,0,0.113861386138614,0,0,0,0,0,0,0,0,0,0,0.00495049504950495,0,0,0
"IL3_9",0.00518134715025907,0,0,0,0,0,0.00518134715025907,0,0.113989637305699,0.0673575129533679,0,0,0,0.274611398963731,0.0414507772020725,0.00518134715025907,0,0,0,0,0.00518134715025907,0,0,0,0,0,0.00518134715025907,0,0,0,0,0,0.0310880829015544,0.0155440414507772,0.362694300518135,0,0,0,0,0,0,0,0,0,0.0155440414507772,0,0,0,0,0,0,0,0,0,0,0,0.0466321243523316,0.00518134715025907,0,0,0,0,0,0,0,0,0,0,0,0,0
"IL4_10",0.021978021978022,0,0,0,0,0,0,0,0.0934065934065934,0.021978021978022,0.0274725274725275,0.00549450549450549,0,0.401098901098901,0.010989010989011,0,0,0,0,0.0164835164835165,0,0,0,0,0,0,0,0,0,0,0,0,0,0,0.192307692307692,0,0,0,0,0,0,0,0,0,0.0274725274725275,0,0,0,0,0,0,0,0,0,0,0,0.175824175824176,0,0,0,0,0,0,0,0,0,0,0.00549450549450549,0,0,0
"IL4_2",0.00529100529100529,0,0,0,0,0,0,0,0.00529100529100529,0.037037037037037,0.0687830687830688,0.0105820105820106,0,0.232804232804233,0.0264550264550265,0.0158730158730159,0,0,0,0,0,0,0,0,0,0,0,0,0,0,0,0,0.00529100529100529,0.0105820105820106,0.0634920634920635,0,0,0,0,0,0,0,0,0,0.00529100529100529,0,0,0,0,0.0476190476190476,0,0,0,0,0,0,0.44973544973545,0.0105820105820106,0,0,0,0,0,0,0,0,0,0.00529100529100529,0,0,0
"IL4_3",0,0,0,0,0,0,0,0,0,0.0164835164835165,0.010989010989011,0,0,0.384615384615385,0.0164835164835165,0,0,0,0,0,0,0,0,0,0,0,0,0,0,0,0,0,0.0164835164835165,0,0.461538461538462,0,0,0,0,0,0.00549450549450549,0,0,0,0.0274725274725275,0,0,0,0,0,0,0,0,0,0,0,0.0604395604395604,0,0,0,0,0,0,0,0,0,0,0,0,0,0
"IL4_4",0,0,0,0,0,0,0,0,0,0.037593984962406,0.0150375939849624,0,0,0.413533834586466,0.0676691729323308,0,0,0,0,0,0,0,0,0.0150375939849624,0,0,0.0075187969924812,0,0,0,0,0,0.0526315789473684,0.037593984962406,0.210526315789474,0,0,0,0,0,0,0,0,0,0.0075187969924812,0.0075187969924812,0,0,0,0.075187969924812,0,0,0,0,0,0,0.0526315789473684,0,0,0,0,0,0,0,0,0,0,0,0,0,0
"IL4_5",0.0104712041884817,0,0,0,0,0,0,0,0.00523560209424084,0.0209424083769634,0.0209424083769634,0,0,0.382198952879581,0.0261780104712042,0,0,0,0,0.0157068062827225,0,0,0,0,0,0,0,0,0,0,0,0,0.031413612565445,0.00523560209424084,0.382198952879581,0,0,0,0,0,0,0,0,0,0.00523560209424084,0,0,0,0,0,0,0,0,0,0,0,0.0942408376963351,0,0,0,0,0,0,0,0,0,0,0,0,0,0
"IL4_7",0.0251256281407035,0,0,0,0,0,0,0,0,0.085427135678392,0.0351758793969849,0,0,0.417085427135678,0.0201005025125628,0,0,0,0,0.0050251256281407,0.0050251256281407,0,0,0,0,0,0,0,0,0,0,0,0.0251256281407035,0.0100502512562814,0.21608040201005,0.0100502512562814,0,0,0,0,0,0.0050251256281407,0,0,0,0,0,0,0,0,0,0,0,0,0,0,0.0351758793969849,0,0,0,0,0,0,0,0,0,0,0,0,0,0.105527638190955
"IL4_8",0,0,0,0,0,0,0,0,0.0273972602739726,0.0136986301369863,0,0,0,0.0821917808219178,0,0,0,0,0,0,0,0,0,0,0,0,0,0,0,0,0,0,0.0273972602739726,0,0,0,0,0,0.356164383561644,0,0,0.0136986301369863,0,0,0,0,0.0136986301369863,0,0,0.465753424657534,0,0,0,0,0,0,0,0,0,0,0,0,0,0,0,0,0,0,0,0,0
"IL4_9",0.014218009478673,0,0,0,0,0,0,0,0.004739336492891,0.037914691943128,0.018957345971564,0,0,0.265402843601896,0.00947867298578199,0,0,0,0,0,0,0,0,0,0,0,0,0,0,0,0,0,0.014218009478673,0,0.511848341232227,0,0,0,0,0,0,0.004739336492891,0,0,0.004739336492891,0,0,0,0,0,0,0,0,0,0,0,0.113744075829384,0,0,0,0,0,0,0,0,0,0,0,0,0,0
"M1_1",0,0,0,0.0340136054421769,0,0,0,0,0,0.0136054421768707,0.142857142857143,0,0,0.0136054421768707,0,0.0476190476190476,0,0,0,0,0,0,0,0,0,0,0,0.0136054421768707,0,0,0.0136054421768707,0,0,0,0,0,0,0,0,0,0.0340136054421769,0,0,0,0,0,0,0,0,0,0,0.0272108843537415,0,0,0,0,0.442176870748299,0.0884353741496599,0,0,0,0,0,0,0,0,0,0.129251700680272,0,0,0
"M1_10",0,0,0,0.0111731843575419,0,0,0,0,0,0,0,0,0,0,0,0.0223463687150838,0,0,0.00558659217877095,0,0,0,0,0,0,0.00558659217877095,0,0.0391061452513966,0,0,0.0111731843575419,0,0,0,0,0,0,0,0,0,0,0,0,0,0.0782122905027933,0,0,0,0,0,0,0.0167597765363128,0,0,0,0,0.737430167597765,0,0,0,0,0,0,0,0,0,0,0.0726256983240224,0,0,0
"M1_2",0.0176470588235294,0,0,0.0117647058823529,0,0,0,0,0.0411764705882353,0.0647058823529412,0,0,0,0.0352941176470588,0.0117647058823529,0,0,0,0,0.0117647058823529,0,0,0,0,0,0,0,0.0235294117647059,0,0,0.0117647058823529,0,0,0,0.105882352941176,0,0,0,0,0,0.0647058823529412,0,0,0,0.00588235294117647,0,0,0,0,0,0,0.0117647058823529,0,0,0,0,0.347058823529412,0.0705882352941176,0,0,0,0,0,0,0,0,0,0.164705882352941,0,0,0
"M1_4",0,0,0,0.0875,0,0,0,0,0.00625,0.025,0,0,0,0.06875,0.0375,0.00625,0,0,0,0,0,0,0,0,0,0,0,0,0,0,0.01875,0,0,0,0,0,0,0,0,0,0.0125,0,0,0,0.0375,0,0,0,0,0,0,0.01875,0,0,0,0,0.325,0.14375,0,0,0,0,0,0,0,0,0.0125,0.2,0,0,0
"M1_5",0.0150753768844221,0,0,0.0050251256281407,0,0,0,0,0.0150753768844221,0.0804020100502513,0.0251256281407035,0,0,0.336683417085427,0.0251256281407035,0.0100502512562814,0,0,0.0050251256281407,0,0,0,0,0,0,0,0,0,0,0,0.0100502512562814,0,0,0,0.0653266331658292,0,0,0,0,0,0,0,0,0,0.0100502512562814,0,0,0,0,0,0,0,0,0,0,0,0.396984924623116,0,0,0,0,0,0,0,0,0,0,0,0,0,0
"M1_6",0,0,0,0.0342857142857143,0,0,0,0,0,0,0.142857142857143,0.0114285714285714,0,0.257142857142857,0.0114285714285714,0.0285714285714286,0,0,0,0,0,0,0,0,0,0,0,0,0,0,0.0171428571428571,0,0,0,0,0,0,0,0,0,0.00571428571428571,0,0,0,0.0571428571428571,0,0,0,0,0,0,0.0114285714285714,0,0,0,0,0.308571428571429,0.0514285714285714,0,0,0,0,0,0,0,0,0,0.0628571428571429,0,0,0
"M1_7",0,0,0,0.015,0,0,0,0,0,0,0.185,0,0,0,0,0.28,0,0,0,0,0,0,0,0,0,0,0,0.035,0,0,0.005,0,0,0,0,0,0,0,0,0,0,0,0,0,0.03,0,0,0,0,0,0,0.015,0,0.005,0,0,0.38,0,0,0,0,0,0,0,0,0,0,0.05,0,0,0
"M1_8",0,0,0,0,0,0,0,0,0,0,0.0857142857142857,0.0285714285714286,0,0,0,0.00714285714285714,0,0,0,0,0,0,0,0,0,0,0,0.0142857142857143,0,0,0,0,0,0,0,0,0,0,0,0,0,0,0,0,0.05,0,0,0,0,0,0,0,0,0.171428571428571,0,0,0.621428571428571,0.0142857142857143,0,0,0,0,0,0,0,0,0,0,0.00714285714285714,0,0
"M2_1",0.028436018957346,0,0,0,0,0,0.004739336492891,0,0.014218009478673,0.0758293838862559,0.00947867298578199,0,0,0.507109004739337,0.018957345971564,0.004739336492891,0,0,0,0.023696682464455,0,0,0,0,0,0,0,0,0,0,0,0,0.018957345971564,0,0.123222748815166,0.00947867298578199,0,0,0,0,0,0,0,0,0.004739336492891,0,0,0,0,0,0,0,0,0,0,0,0.156398104265403,0,0,0,0,0,0,0,0,0,0,0,0,0,0
"M2_10",0,0,0,0.1,0,0,0,0,0.00833333333333333,0,0.158333333333333,0,0,0,0,0,0,0,0,0,0,0,0,0,0,0,0,0,0,0,0.025,0,0,0,0,0,0,0,0,0,0,0,0,0,0,0,0,0,0,0,0,0.0416666666666667,0,0.0333333333333333,0,0,0.591666666666667,0,0,0,0,0,0,0,0,0,0,0.0416666666666667,0,0,0
"M2_3",0.00421940928270042,0,0,0,0,0,0,0,0,0.0843881856540084,0.0168776371308017,0.00843881856540084,0,0.468354430379747,0.0253164556962025,0,0,0,0,0,0,0,0,0,0,0,0,0,0,0,0,0,0.0210970464135021,0.00421940928270042,0.240506329113924,0.00421940928270042,0,0,0,0,0,0,0,0,0.0253164556962025,0,0,0,0,0,0,0,0,0,0,0,0.0970464135021097,0,0,0,0,0,0,0,0,0,0,0,0,0,0
"M2_5",0,0,0,0.0526315789473684,0,0,0,0,0,0,0.0723684210526316,0,0,0.513157894736842,0.0394736842105263,0.00657894736842105,0,0,0,0,0,0,0,0,0,0,0,0,0,0,0.0263157894736842,0,0,0,0,0,0,0,0,0,0,0,0,0,0.0197368421052632,0,0,0,0,0,0,0,0,0,0,0,0.203947368421053,0.0131578947368421,0,0,0,0,0,0,0,0,0.0328947368421053,0.0197368421052632,0,0,0
"M2_6",0,0,0,0.00826446280991736,0,0,0,0,0,0,0.264462809917355,0.0413223140495868,0,0,0,0.0165289256198347,0,0,0,0,0,0,0,0.00826446280991736,0,0,0,0,0,0,0,0,0,0,0,0,0,0,0,0,0,0,0,0,0.00826446280991736,0,0,0,0,0,0,0.00826446280991736,0,0.0247933884297521,0,0,0.619834710743802,0,0,0,0,0,0,0,0,0,0,0,0,0,0
"M2_7",0,0,0,0,0,0,0,0,0,0,0.0833333333333333,0,0,0.0297619047619048,0,0.0892857142857143,0,0,0,0,0,0,0,0,0,0,0,0.0654761904761905,0,0,0,0,0,0,0,0,0,0,0,0,0,0,0,0,0.0714285714285714,0,0,0,0,0,0,0,0,0.178571428571429,0,0,0.464285714285714,0,0,0,0,0,0,0,0,0,0,0.00595238095238095,0.0119047619047619,0,0
"M2_8",0,0,0,0.120603015075377,0,0,0,0,0,0,0.0452261306532663,0,0,0.14572864321608,0.0150753768844221,0.0100502512562814,0,0,0,0,0,0,0,0,0,0.0050251256281407,0,0,0,0,0.0100502512562814,0,0,0,0,0,0,0,0,0,0.0150753768844221,0,0,0,0.0150753768844221,0,0,0,0,0,0,0.0452261306532663,0,0,0,0,0.512562814070352,0.0050251256281407,0,0,0,0,0,0,0,0,0,0.0552763819095477,0,0,0
"M2_9",0,0,0,0.033112582781457,0,0,0,0,0,0.033112582781457,0.0662251655629139,0,0,0.145695364238411,0.0198675496688742,0,0,0,0,0,0,0,0,0,0,0,0,0.0132450331125828,0,0,0.033112582781457,0,0,0,0,0.00662251655629139,0,0,0,0,0.00662251655629139,0,0,0,0.0463576158940397,0,0,0,0,0,0,0.0463576158940397,0,0,0,0,0.344370860927152,0.0794701986754967,0,0,0,0,0,0,0,0,0,0.125827814569536,0,0,0
"M3_1",0,0,0,0,0,0,0,0,0,0,0,0,0,0.545945945945946,0.0432432432432432,0.00540540540540541,0,0,0,0,0,0,0,0,0,0,0,0,0,0,0,0,0,0,0,0,0,0,0,0,0.0162162162162162,0,0,0,0.0648648648648649,0,0,0,0,0,0,0,0,0,0,0,0.297297297297297,0.0108108108108108,0,0,0,0,0,0,0,0,0,0.0162162162162162,0,0,0
"M3_2",0.0259067357512953,0,0,0,0,0,0,0,0.0207253886010363,0.134715025906736,0.0155440414507772,0,0,0.487046632124352,0.0103626943005181,0,0,0,0,0.0155440414507772,0,0,0,0,0,0.00518134715025907,0,0,0,0,0,0,0.0518134715025907,0,0.181347150259067,0,0,0,0,0,0,0,0,0,0,0,0,0,0,0,0,0,0,0,0,0,0.0466321243523316,0,0,0,0,0,0,0,0,0,0,0.00518134715025907,0,0,0
"M3_3",0.09375,0,0,0,0,0,0,0,0.00892857142857143,0.00446428571428571,0.0267857142857143,0.0178571428571429,0,0.379464285714286,0.00892857142857143,0,0,0,0,0.0803571428571429,0,0,0,0,0,0,0,0,0,0,0,0,0.00446428571428571,0.00446428571428571,0.28125,0,0,0,0,0,0,0,0,0,0.00446428571428571,0,0,0,0,0,0,0,0,0,0,0,0.0669642857142857,0,0,0,0,0,0,0,0,0,0,0.00446428571428571,0,0.0133928571428571,0
"M3_5",0,0,0,0,0,0,0,0,0,0.079295154185022,0.00881057268722467,0.00881057268722467,0,0.563876651982379,0.013215859030837,0.00440528634361234,0,0,0,0,0,0,0,0,0,0,0,0,0,0,0,0,0,0,0.0748898678414097,0,0,0,0,0,0,0,0,0,0.00440528634361234,0.00440528634361234,0,0,0,0,0,0.00440528634361234,0,0,0,0,0.233480176211454,0,0,0,0,0,0,0,0,0,0,0,0,0,0
"M3_7",0,0,0,0.0681818181818182,0,0,0,0,0.0151515151515152,0.00757575757575758,0,0,0,0.121212121212121,0.0454545454545455,0.0909090909090909,0,0,0,0,0,0,0,0,0,0,0,0,0,0,0.00757575757575758,0,0,0,0,0,0,0,0,0,0.0151515151515152,0,0,0,0.00757575757575758,0.00757575757575758,0,0,0,0,0,0.0378787878787879,0,0,0,0,0.287878787878788,0.128787878787879,0,0,0,0,0,0,0,0,0.0151515151515152,0.106060606060606,0.0303030303030303,0.00757575757575758,0
"M3_8",0.0330188679245283,0,0,0,0,0,0,0,0,0.122641509433962,0.0424528301886792,0,0,0.382075471698113,0.0188679245283019,0.00943396226415094,0,0,0,0,0,0,0,0,0,0,0,0,0,0,0,0,0.00943396226415094,0.00943396226415094,0.231132075471698,0.00471698113207547,0,0,0,0,0,0,0,0,0.0235849056603774,0,0,0,0,0,0,0.00943396226415094,0,0,0,0,0.0990566037735849,0.00471698113207547,0,0,0,0,0,0,0,0,0,0,0,0,0
"M4_2",0.0657276995305164,0,0,0,0,0,0,0,0.0234741784037559,0,0.0328638497652582,0.00469483568075117,0,0.328638497652582,0.00469483568075117,0,0,0,0,0.0985915492957746,0.0140845070422535,0,0,0,0,0,0.00469483568075117,0,0,0,0,0,0.0187793427230047,0,0.192488262910798,0,0,0,0,0,0.0140845070422535,0,0,0,0,0,0,0,0,0,0,0,0,0,0,0,0.192488262910798,0,0,0,0,0,0,0,0,0,0,0.00469483568075117,0,0,0
"M4_3",0.0327868852459016,0,0,0,0,0,0,0,0,0.0532786885245902,0.00409836065573771,0,0,0.520491803278688,0.0245901639344262,0,0,0,0,0.0163934426229508,0.00409836065573771,0,0,0.00409836065573771,0,0,0.00409836065573771,0,0,0,0,0,0.0163934426229508,0,0.245901639344262,0.00409836065573771,0,0,0,0,0,0,0,0,0.00819672131147541,0,0,0,0,0,0,0,0,0,0,0,0.0573770491803279,0.00409836065573771,0,0,0,0,0,0,0,0,0,0,0,0,0
"M4_4",0,0,0,0.0165745856353591,0,0,0,0,0,0.00552486187845304,0,0,0,0.635359116022099,0.0165745856353591,0,0,0,0,0,0,0,0,0,0,0,0,0,0,0,0,0,0,0,0.0883977900552486,0.00552486187845304,0,0,0,0,0.0165745856353591,0,0,0,0.0662983425414365,0.00552486187845304,0,0,0,0,0,0.0110497237569061,0,0,0,0,0.116022099447514,0.00552486187845304,0,0,0,0,0,0,0,0,0.0110497237569061,0,0,0,0
"M4_5",0,0,0,0.0787878787878788,0,0,0,0,0,0,0,0,0,0.212121212121212,0.0424242424242424,0,0,0,0,0,0,0,0,0,0,0,0,0,0,0,0,0,0,0.00606060606060606,0.00606060606060606,0,0,0,0,0,0,0,0,0,0.0606060606060606,0,0,0,0,0,0,0.00606060606060606,0,0,0,0,0.321212121212121,0.103030303030303,0,0,0,0,0,0,0,0,0.0181818181818182,0.145454545454545,0,0,0
"M4_6",0.0355029585798817,0,0,0,0,0,0,0,0.0118343195266272,0.112426035502959,0.0355029585798817,0,0,0.390532544378698,0.029585798816568,0,0,0,0,0.0414201183431953,0,0,0,0,0,0.00591715976331361,0,0,0,0,0,0,0.0236686390532544,0,0.124260355029586,0,0,0,0,0,0,0,0,0,0,0,0,0,0,0,0,0,0,0,0,0,0.189349112426035,0,0,0,0,0,0,0,0,0,0,0,0,0,0
"M4_7",0.0467836257309941,0,0,0,0,0,0.00584795321637427,0,0,0.0526315789473684,0.0116959064327485,0,0,0.362573099415205,0.0116959064327485,0,0,0,0,0.286549707602339,0.00584795321637427,0,0,0,0,0,0,0,0,0,0,0,0.00584795321637427,0.00584795321637427,0.16374269005848,0,0,0,0,0,0,0.00584795321637427,0,0,0.00584795321637427,0,0.00584795321637427,0,0,0,0,0,0,0,0,0,0.0233918128654971,0,0,0,0,0,0,0,0,0,0,0,0,0,0
"M4_9",0,0,0,0,0,0,0.00578034682080925,0,0.202312138728324,0.023121387283237,0.0520231213872832,0,0,0.491329479768786,0.0173410404624277,0,0,0,0,0,0,0,0,0,0,0.0115606936416185,0,0,0,0,0,0,0.0404624277456647,0,0.00578034682080925,0,0,0,0,0,0,0,0,0,0.0982658959537572,0,0,0,0,0,0,0,0,0,0,0,0.0520231213872832,0,0,0,0,0,0,0,0,0,0,0,0,0,0
