id,Elevation,Aspect,Slope,SlopeShape,CarbonateStage,BioticCrustClass,PedonDepth,Depth200,H1.DryRed,H1.DryValue,H1.DryCClass,H1.MoistRed,H1.MoistValue,H1.MoistCClass,H1.Texture,H1.SandPercent,H1.SandSize,H1.ClayPercent,H1.pH,H1.EfferScale,H1.Depth,H1.DryHue,H1.MoistHue,H1.DryChroma,H1.MoistChroma,H1.Effervescence,Tot.DryRed,Tot.DryHue,Tot.DryValue,Tot.DryCClass,Tot.DryChroma,Tot.MoistRed,Tot.MoistHue,Tot.MoistValue,Tot.MoistCClass,Tot.MoistChroma,Tot.Texture,Tot.SandSize,Tot.Effervescence,Tot.EfferScale,Sub.DryRed,Sub.DryHue,Sub.DryValue,Sub.DryCClass,Sub.DryChroma,Sub.MoistRed,Sub.MoistHue,Sub.MoistValue,Sub.MoistCClass,Sub.MoistChroma,Sub.Texture,Sub.SandSize,Sub.Effervescence,Sub.EfferScale,AWC.0.25,AWC.0.50,AWC.0.100,AWC.0.150,AWC.0.200,AWC.25.50,AWC.50.100,AWC.100.150,AWC.150.200,DWAClay,DWASand,DWApH,SubDWAClay,SubDWASand,SubDWApH,SubAWC
1,2003.498047,104,15,CL,0,1,30,0,2,6,2,2,5,2,S,95,M,3,8.2,2,12,7.5YR,7.5YR,3,3,SL,2,7.5YR,6,2,3,2,7.5YR,4,2,3,S,F,VE,4,2,7.5YR,6,2,3,2,7.5YR,4,2,3,S,F,VE,4,0.106943632,0.10438737,0.10438737,0.10438737,0.10438737,0.091606059,.,.,.,2.4,95,8.26,2,95,8.3,0.091606059
10,1953.990723,352,5,VV,1,1,53,0,3,6,3,3,4,2,LS,85,VF,5,8.1,4,9,5YR,5YR,6,4,VE,3,5YR,7,3,6,3,5YR,4,2,4,LS,F,VE,4,3,5YR,7,2,4,3,5YR,5,2,4,LS,F,VE,4,6.217592194,4.265731138,4.109161497,4.109161497,4.109161497,2.313870083,1.49966747,.,.,6.320754717,82.35849057,8.335849057,6.590909091,81.81818182,8.384090909,4.429563235
100,1898,53,3,CL,1,1,155,0,2,6,2,2,3,2,SL,76,VF,9,7.8,0,5,7.5YR,7.5YR,4,3,NE,3,5YR,6,3,6,3,5YR,4,2,4,SL,VF,VE,4,3,5YR,6,3,6,3,5YR,4,2,4,SL,VF,VE,4,9.151730576,9.322522514,9.47992114,9.354164733,9.342729339,9.493314452,9.637319767,9.102651917,8.999667523,12.20645161,72.01290323,8.090322581,12.31333333,71.88,8.1,9.394640481
11,1947.742188,16,4,CL,1,1,150,0,3,6,3,3,4,3,LS,85,VF,8,8.1,4,7,5YR,5YR,6,6,VE,3,5YR,5,3,6,3,5YR,4,2,4,SL,VF,VE,4,3,5YR,5,3,6,3,5YR,4,2,4,SL,VF,VE,4,3.010819527,2.920137255,4.305483923,5.516674042,5.516674042,2.829454983,5.69083059,7.939054282,.,7.133333333,79.8,8.446666667,7.090909091,79.54545455,8.463636364,5.616509146
12,1966.968262,287,12,LV,0,1,65,0,3,5,2,3,4,2,LS,85,VF,5,8.1,4,9,5YR,5YR,4,4,VE,3,5YR,4,2,4,3,5YR,3,2,4,SL,F,VE,4,3,5YR,4,2,4,3,5YR,3,2,4,SL,F,VE,4,6.217592194,7.251140718,7.489651915,7.489651915,7.489651915,8.284689241,8.284689241,.,.,9.307692308,76.38461538,8.358461538,10,75,8.4,8.284689241
13,1947.501709,34,5,CV,1,1,150,0,2,5,3,2,4,3,SL,75,VF,10,8.1,4,13,7.5YR,7.5YR,6,6,VE,2,7.5YR,7,2,4,2,7.5YR,5,3,6,S,VF,VE,4,2,7.5YR,7,2,4,2,7.5YR,5,3,6,S,VF,VE,4,8.118784461,7.936759716,6.19471486,4.403262921,4.403262921,7.754734971,4.452670005,0.820359041,.,6.48,82.53333333,8.654,6.145985401,83.24817518,8.706569343,4.034952394
14,2005.661133,322,4,LV,1,4,31,0,2,8,2,2,5,2,LS,80,VF,6,8.1,3,5,7.5YR,7.5YR,4,4,ST,2,7.5YR,8,2,3,2,7.5YR,4,3,6,SL,VF,VE,4,2,7.5YR,8,2,3,2,7.5YR,4,3,6,SL,VF,VE,4,6.609111857,7.114475196,7.114475196,7.114475196,7.114475196,9.220155775,.,.,.,6.516129032,75.48387097,8.3,6.615384615,74.61538462,8.338461538,7.453087997
15,2012.630615,41,6,VV,2,3,44,0,2,7,3,2,4,3,LS,80,VF,6,8,2,8,7.5YR,7.5YR,6,6,SL,2,7.5YR,7,3,6,2,7.5YR,5,3,6,SL,VF,VE,4,2,7.5YR,7,3,6,2,7.5YR,5,3,6,SL,VF,VE,4,6.68572299,7.733279501,7.733279501,7.733279501,7.733279501,9.111643333,.,.,.,8.954545455,75.22727273,8.390909091,9.611111111,74.16666667,8.477777778,8.262077473
16,2003.97876,138,4,CL,1,1,28,0,2,7,2,2,4,3,LS,85,VF,6,8.1,3,9,7.5YR,7.5YR,4,6,ST,2,7.5YR,6,2,4,2,7.5YR,4,3,6,LS,VF,VE,4,2,7.5YR,6,2,4,2,7.5YR,4,3,6,LS,VF,VE,4,4.809842495,4.929196207,4.929196207,4.929196207,4.929196207,5.923810471,.,.,.,7.357142857,81.60714286,8.235714286,8,80,8.3,5.923810471
17,2001,305,5,VV,2,3,26,0,2,7,2,2,5,3,LS,85,VF,7,8,3,5,7.5YR,7.5YR,4,6,ST,2,7.5YR,7,3,6,2,7.5YR,4,3,6,LS,VF,VE,4,2,7.5YR,7,3,6,2,7.5YR,4,2,4,SL,VF,VE,4,6.405993215,6.478250754,6.478250754,6.478250754,6.478250754,8.284689241,.,.,.,8.730769231,78.65384615,8.242307692,9.142857143,77.14285714,8.3,7.272884054
18,1981.868652,121,5,LV,0,5,5,0,3,6,2,3,4,2,LS,85,VF,6,8.1,3,5,5YR,5YR,4,4,ST,3,5YR,6,2,4,3,5YR,4,2,4,LS,VF,ST,3,1,10YR,4,1,1,1,10YR,3,2,3,CL,CO,LS,0,2.829454983,2.829454983,2.829454983,2.829454983,2.829454983,.,.,.,.,6,85,8.1,.,.,.,.
19,1895,237,3,CL,3,1,153,0,2,5,2,3,3,2,SL,75,VF,10,8,0,3,7.5YR,5YR,4,3,NE,3,5YR,6,2,4,3,5YR,4,2,4,SL,VF,VE,4,3,5YR,6,2,4,3,5YR,4,2,4,SL,VF,VE,4,8.284689241,8.284689241,8.060948306,8.012532069,8.024802809,8.284689241,7.83720737,7.915699596,8.638339797,10.00653595,75.79738562,8.429411765,10.00666667,75.81333333,8.438,8.01960508
2,1992.443115,150,7,LL,1,2,157,0,2,7,2,2,3,2,SL,75,VF,10,7.6,1,5,7.5YR,7.5YR,4,4,VS,2,7.5YR,6,2,4,2,7.5YR,4,3,6,LS,F,VE,4,2,7.5YR,6,2,4,2,7.5YR,4,3,6,LS,F,VE,4,5.939888751,5.64678869,5.162926384,4.289535256,4.211653245,5.353688629,4.679064078,2.542753,2.542753,5.687898089,82.03821656,8.268789809,5.546052632,82.26973684,8.290789474,4.077671797
20,1987,51,8.5,LV,1,1,46,0,2,5,2,3,4,2,SL,60,VF,10,8.2,3,3,7.5YR,5YR,4,3,ST,4,2.5YR,5,2,4,4,2.5YR,4,2,4,L,F,VE,4,4,2.5YR,5,2,4,4,2.5YR,4,2,4,L,F,VE,4,13.09655039,13.45622616,13.45622616,13.45622616,13.45622616,14.01821956,.,.,.,16.90243902,48.12195122,8.129268293,17.44736842,47.18421053,8.123684211,13.62209274
21,1966.247314,100,3,CL,1,1,95,0,3,5,3,3,4,2,LS,85,VF,8,8.1,4,10,5YR,5YR,6,4,VE,3,5YR,5,3,6,3,5YR,4,2,4,LS,VF,VE,4,3,5YR,5,3,6,3,5YR,4,2,4,LS,VF,VE,4,5.304866902,4.003421314,3.125815124,3.125815124,3.125815124,2.701975727,2.150697136,.,.,6.021052632,84.56842105,8.382105263,5.788235294,84.51764706,8.415294118,3.084477434
22,1877,277,3,LV,2,2,154,0,3,6,3,3,3,2,LS,82,VF,9,8,0,5,5YR,5YR,6,4,NE,2,7.5YR,7,2,4,3,5YR,4,2,4,SL,VF,VE,4,2,7.5YR,7,2,4,3,5YR,4,2,4,SL,VF,VE,4,8.488252065,8.438144487,8.275687231,8.678437159,8.725321819,8.388036908,8.113229975,9.483937015,10.48349657,12.75324675,74.03896104,8.475324675,12.87919463,73.77181208,8.491275168,8.840444743
23,1980,54,1,LL,1,.,81,0,3,5,2,3,4,2,SL,75,VF,12,7.6,0,3,5YR,5YR,4,3,NE,3,5YR,5,2,4,3,5YR,4,2,4,SL,VF,SL,2,3,5YR,5,2,4,3,5YR,4,2,4,SL,VF,SL,2,8.193117315,9.774183428,10.15818088,10.15818088,10.15818088,11.35524954,10.7775316,.,.,11.40740741,64.44444444,8.148148148,11.38461538,64.03846154,8.169230769,10.2166363
24,1886,256,.,LL,3,1,48,0,2,6,2,3,4,2,SL,72,VF,12,8,2,5,7.5YR,5YR,4,3,SL,3,5YR,5,2,4,3,5YR,3,2,4,SL,VF,VE,4,3,5YR,5,2,4,3,5YR,3,2,4,SL,VF,VE,4,8.822192808,9.193331662,9.193331662,9.193331662,9.193331662,9.596743459,.,.,.,12.45833333,72.375,8.114583333,12.51162791,72.41860465,8.127906977,9.183080727
25,2013,288,3,CL,1,1,149,0,3,5,2,3,3,2,SL,76,F,9,8,0,6,5YR,5YR,3,3,NE,3,5YR,7,3,6,3,5YR,4,3,6,SL,F,VE,4,3,5YR,7,3,6,3,5YR,4,3,6,SL,F,VE,4,7.902176072,8.107802454,7.864115477,6.802382714,6.802382714,8.313428837,7.620428501,4.635581155,.,8.342281879,77.55033557,8.254362416,8.314685315,77.61538462,8.265034965,6.76113744
26,2047.95874,137,3,CV,0,1,31,0,2,5,3,2,4,3,LS,80,VF,5,8.2,4,9,7.5YR,7.5YR,6,6,VE,2,7.5YR,5,3,6,2,7.5YR,4,3,6,LS,VF,VE,4,2,7.5YR,7,2,3,2,7.5YR,6,2,4,SL,VF,VE,4,6.105274194,6.527096461,6.527096461,6.527096461,6.527096461,8.284689241,.,.,.,7.258064516,77.74193548,8.406451613,8.181818182,76.81818182,8.490909091,7.119226649
27,1929.957764,50,15,CL,0,1,153,0,2,6,2,2,4,3,LS,85,VF,6,8.2,4,12,7.5YR,7.5YR,4,6,VE,2,7.5YR,6,2,4,2,7.5YR,4,3,6,LS,VF,VE,4,2,7.5YR,6,2,4,2,7.5YR,4,3,6,LS,VF,VE,4,4.142056479,4.873299359,5.398554915,5.685548765,5.701975675,5.604542239,5.923810471,6.259536464,6.523321172,7.895424837,80.39215686,8.418300654,8.056737589,80,8.436879433,5.946445521
28,1943.176025,196,1,VV,1,1,83,0,3,6,2,3,4,2,LS,85,VF,5,8.2,4,9,5YR,5YR,4,4,VE,3,5YR,7,2,3,3,5YR,5,2,4,S,M,SL,2,3,5YR,7,2,3,3,5YR,5,2,4,S,M,SL,2,1.022057043,0.585740059,0.401981458,0.401981458,0.401981458,0.149423075,0.123559336,.,.,3.590361446,93.91566265,8.162650602,3.418918919,95,8.158108108,0.141617352
29,2058.533203,330,3,CC,1,2,163,0,1,6,2,1,4,2,LS,80,F,7,8.2,3,7,10YR,10YR,4,3,ST,1,10YR,7,2,3,1,10YR,4,3,6,LS,VF,VE,4,1,10YR,7,2,3,1,10YR,4,3,6,LS,VF,VE,4,2.195888052,3.148080987,4.535945729,4.99856731,5.072359709,4.100273922,5.923810471,5.923810471,5.923810471,7.460122699,81.65644172,8.262576687,7.480769231,81.73076923,8.265384615,5.047110207
3,1972.015381,180,6,VV,2,3,168,0,3,6,3,3,5,2,SL,80,VF,10,8.1,3,9,5YR,5YR,6,4,ST,3,5YR,6,3,6,3,5YR,5,3,6,LS,F,VE,4,3,5YR,6,3,6,3,5YR,5,3,6,LS,F,VE,4,3.807559353,3.263556003,2.997766156,2.922548966,2.912574611,2.719552652,2.731976309,2.772114586,2.829454983,5.803571429,84.73214286,8.273214286,5.566037736,85,8.283018868,2.70819273
30,2018.158203,231,6,LV,0,1,134,0,2,6,2,2,4,2,S,90,VF,4,8,2,10,7.5YR,7.5YR,4,4,SL,2,7.5YR,6,2,4,2,7.5YR,4,2,4,S,F,VE,4,2,7.5YR,6,2,4,2,7.5YR,4,2,4,S,F,VE,4,0.798429036,0.828430101,0.813198567,0.754940741,0.754940741,0.858431167,0.797967033,0.583594193,.,4.253731343,90,8.479104478,4.274193548,90,8.517741935,0.758691943
31,1857.619141,35,5,LL,1,3,20,0,3,5,3,3,4,3,SL,75,F,8,8.2,4,8,5YR,5YR,6,6,VE,3,5YR,5,3,6,3,5YR,4,3,6,SL,F,VE,4,3,5YR,5,3,6,3,5YR,4,3,6,SL,F,VE,4,6.729907995,6.729907995,6.729907995,6.729907995,6.729907995,.,.,.,.,8,78,8.2,8,80,8.2,5.923810471
32,1965.045654,319,3,CL,0,1,114,0,2,5,3,2,3,2,SL,75,VF,8,8,2,7,7.5YR,7.5YR,6,4,SL,2,7.5YR,7,2,4,2,7.5YR,5,3,6,S,F,VE,4,2,7.5YR,7,2,4,2,7.5YR,5,3,6,S,F,VE,4,9.340657974,7.043547958,3.875986899,3.486988172,3.486988172,4.746437943,0.708425839,0.708425839,.,7.043859649,83.99122807,8.537719298,6.981308411,84.57943925,8.572897196,3.195731511
33,1844.641602,321,4,CV,0,1,86,0,2,7,2,2,5,3,LS,85,VF,6,8.1,4,9,7.5YR,7.5YR,4,6,VE,2,7.5YR,7,2,4,2,7.5YR,5,3,6,LS,VF,VE,4,2,7.5YR,7,2,4,2,7.5YR,5,3,6,LS,VF,VE,4,6.214819854,5.924941377,5.803596898,5.803596898,5.803596898,5.635062899,5.635062899,.,.,7.418604651,79.65116279,8.320930233,7.584415584,79.02597403,8.346753247,6.151223875
34,1873.480713,14,6,VV,0,5,19,0,2,7,2,2,4,2,LS,80,F,5,8,2,9,7.5YR,7.5YR,4,4,SL,2,7.5YR,7,2,4,2,7.5YR,4,2,4,LS,F,ST,3,2,7.5YR,7,2,4,2,7.5YR,4,2,4,LS,F,ST,3,3.744449159,3.744449159,3.744449159,3.744449159,3.744449159,.,.,.,.,5,82.63157895,8.105263158,5,85,8.2,2.542753
35,1897.032959,250,5,CL,2,2,77,0,3,6,3,3,5,3,LS,85,VF,4,8.1,3,10,5YR,5YR,6,6,ST,3,5YR,5,3,6,3,5YR,4,3,6,LS,F,VE,4,3,5YR,5,3,6,3,5YR,4,3,6,LS,F,VE,4,2.609650322,3.222445303,3.574474006,3.574474006,3.574474006,3.835240284,4.226379012,.,.,8.077922078,85,8.419480519,8.686567164,85,8.467164179,3.76768754
36,1860.503174,337,4,LL,2,1,152,0,3,6,3,3,5,3,LS,80,VF,5,8.1,1,7,5YR,5YR,6,6,VS,3,5YR,7,2,4,3,5YR,4,2,4,LS,F,VE,4,3,5YR,7,2,4,3,5YR,4,2,4,LS,F,VE,4,3.683676236,3.292625987,3.188174091,4.100052884,4.124049695,2.901575737,3.083722195,5.923810471,5.923810471,6.618421053,82.79605263,8.576973684,6.696551724,82.93103448,8.6,4.07791644
37,1881.411621,303,7,LV,0,2,17,0,2,7,2,2,4,2,LS,85,F,4,8,4,7,7.5YR,7.5YR,4,4,VE,2,7.5YR,8,1,2,2,7.5YR,5,2,4,LS,F,VE,4,2,7.5YR,8,1,2,2,7.5YR,5,2,4,LS,F,VE,4,2.27994333,2.27994333,2.27994333,2.27994333,2.27994333,.,.,.,.,4,85,8.235294118,4,85,8.4,2.27994333
38,1867,36,8,LV,1,2,94,0,3,5,2,3,4,2,SL,72,VF,11,8,0,7,5YR,5YR,4,3,NE,3,5YR,6,3,6,3,5YR,4,3,6,SL,VF,SL,2,3,5YR,6,3,6,3,5YR,4,3,6,SL,VF,SL,2,8.283551019,8.11130265,7.982313697,7.982313697,7.982313697,7.939054282,7.835735342,.,.,8.319148936,74.96808511,8.194680851,8.103448276,75.20689655,8.210344828,7.886801025
39,1897.032959,174,6,LV,0,5,19,0,3,6,3,3,4,3,LS,80,VF,6,8.1,4,8,5YR,5YR,6,6,VE,3,5YR,5,3,6,3,5YR,4,3,6,LS,VF,VE,4,3,5YR,5,3,6,3,5YR,4,3,6,LS,VF,VE,4,4.701035693,4.701035693,4.701035693,4.701035693,4.701035693,.,.,.,.,8.315789474,82.89473684,8.1,10,85,8.1,4.226379012
4,1886.939209,239,6,LV,1,3,48,0,3,6,3,3,4,3,LS,85,VF,6,8.3,4,11,5YR,5YR,6,6,VE,3,5YR,6,3,6,3,5YR,4,3,6,LS,VF,VE,4,3,5YR,6,3,6,3,5YR,4,3,6,LS,F,VE,4,3.19218407,3.328747253,3.328747253,3.328747253,3.328747253,3.477185496,.,.,.,7.541666667,85,8.377083333,8,85,8.4,3.477185496
40,1876,328,.,LL,3,1,122,0,2,6,2,3,3,2,SL,72,VF,12,7.8,0,7,7.5YR,5YR,4,3,NE,2,7.5YR,7,2,4,3,5YR,4,2,4,SL,VF,VE,4,2,7.5YR,7,2,4,3,5YR,4,2,4,SL,VF,VE,4,9.84100787,9.202009871,8.515366546,8.156145249,8.156145249,8.563011873,7.828723221,6.523321172,.,10.7704918,74.93442623,8.168032787,10.69565217,75.11304348,8.190434783,8.087646022
41,1890.063477,272,4,LL,1,1,151,0,2,7,2,2,4,3,LS,85,VF,5,8,3,8,7.5YR,7.5YR,4,6,ST,2,7.5YR,7,2,4,2,7.5YR,4,3,6,SL,VF,VE,4,2,7.5YR,7,2,4,2,7.5YR,4,3,6,SL,VF,VE,4,4.84187208,5.902234605,7.093461923,7.490537696,7.495796977,6.96259713,8.284689241,8.284689241,8.284689241,9.324503311,76.55629139,8.341059603,9.566433566,76.08391608,8.36013986,7.772890347
42,1878,233,5,CL,2,1,58,0,3,6,2,3,3,2,SL,77,VF,9,8,1,6,5YR,5YR,4,3,VS,3,5YR,7,2,4,3,5YR,3,2,4,SL,VF,VE,4,2,7.5YR,7,2,4,2,7.5YR,5,2,4,LS,F,VE,4,9.172794106,6.828218678,6.276665065,6.276665065,6.276665065,4.483643251,2.829454983,.,.,9.327586207,77.70689655,8.225862069,9.365384615,77.78846154,8.251923077,6.143133404
43,1882,0,4,CL,3,1,154,0,3,5,2,3,3,2,SL,70,VF,12,8,0,5,5YR,5YR,4,3,NE,3,5YR,6,3,6,3,5YR,5,2,4,SL,VF,VE,4,3,5YR,6,3,6,3,5YR,5,2,4,SL,VF,VE,4,11.16509098,11.14694244,10.78651706,9.886297847,9.831728944,11.1287939,10.42609168,8.08585942,7.785395072,14.74025974,66.82467532,8.333116883,14.83221477,66.71812081,8.344295302,9.838051392
44,1886.458496,328,3,LL,1,1,126,0,3,7,2,3,5,3,LS,80,VF,5,8,1,7,5YR,5YR,4,6,VS,3,5YR,6,3,6,3,5YR,4,3,6,LS,VF,VE,4,3,5YR,6,3,6,3,5YR,4,3,6,LS,VF,VE,4,4.18663714,3.80342538,3.472108137,3.25343437,3.25343437,3.420213619,3.140790895,2.412381417,.,6.80952381,84.72222222,8.361111111,6.915966387,85,8.382352941,3.146008914
45,1893.427979,348,1,CC,0,1,104,0,2,6,2,2,4,2,LS,85,VF,4,8,4,14,7.5YR,7.5YR,4,4,VE,2,7.5YR,6,2,4,2,7.5YR,4,3,6,S,F,VE,4,2,7.5YR,6,2,4,2,7.5YR,4,3,6,S,F,VE,4,1.588475634,0.996385446,0.671097026,0.67253275,0.67253275,0.404295257,0.345808607,0.708425839,.,3.576923077,91.44230769,8.195192308,3.511111111,92.44444444,8.225555556,0.422491104
46,1893.427979,327,1,LL,1,2,99,0,2,6,2,2,4,2,SL,75,VF,6,8,4,5,7.5YR,7.5YR,4,3,VE,2,7.5YR,8,2,4,2,7.5YR,4,2,4,LS,F,VE,4,2,7.5YR,8,2,4,2,7.5YR,4,2,4,LS,F,VE,4,3.554037949,2.98006496,1.641463178,1.641463178,1.641463178,2.406091972,0.275542992,.,.,4.090909091,89.3030303,8.18989899,3.989361702,90.06382979,8.2,1.324563467
47,1909.289795,150,5,VV,0,2,150,0,1,6,3,1,3,2,SL,75,VF,7,8.1,3,6,10YR,10YR,6,4,ST,1,10YR,6,3,6,1,10YR,4,3,6,SL,VF,VE,4,1,10YR,6,3,6,1,10YR,4,3,6,SL,VF,VE,4,7.898077848,7.918566065,7.928810174,7.823119499,7.823119499,7.939054282,7.939054282,7.611738151,.,8.566666667,75.3,8.342666667,8.631944444,75.3125,8.352777778,7.825402847
48,1940.532227,271,2,CC,0,1,80,0,3,5,3,3,3,2,LS,75,VF,4,.,3,11,5YR,5YR,6,4,ST,3,5YR,7,2,4,3,5YR,4,3,6,LS,VF,VE,4,3,5YR,7,2,4,3,5YR,4,3,6,LS,VF,VE,4,6.678505927,5.217594275,4.438793007,4.438793007,4.438793007,3.756682623,3.140790895,.,.,7.0625,82.4375,8.344927536,7.550724638,83.62318841,8.344927536,3.988757766
49,1885.737549,349,1,LL,1,1,150,0,3,6,3,3,4,2,LS,85,VF,6,8.1,2,8,5YR,5YR,6,4,SL,3,5YR,7,2,4,3,5YR,5,3,6,SL,VF,VE,4,3,5YR,7,2,4,3,5YR,5,3,6,SL,VF,VE,4,4.359599231,5.376587463,6.092540828,4.466838869,4.466838869,6.393575695,6.808494194,1.215434949,.,6.493333333,82.44,8.558666667,6.521126761,82.29577465,8.584507042,4.559085848
5,1900.397461,35,4,VV,1,3,91,0,2,8,2,2,5,3,LS,85,VF,8,8.5,4,10,7.5YR,7.5YR,4,6,VE,2,7.5YR,8,2,3,2,7.5YR,5,3,6,LS,F,VE,4,2,7.5YR,8,2,3,2,7.5YR,5,3,6,LS,F,VE,4,5.061176048,4.269180772,3.912347735,3.912347735,3.912347735,3.477185496,3.477185496,.,.,8.285714286,84.28571429,8.70989011,8.320987654,84.19753086,8.735802469,3.966071469
50,1925.391602,150,10,LL,0,1,26,0,3,5,3,3,4,2,LS,85,VF,7,8.1,4,9,5YR,5YR,6,4,VE,3,5YR,5,3,6,3,5YR,4,3,6,LS,VF,VE,4,3,5YR,5,3,6,3,5YR,4,3,6,LS,VF,VE,4,3.83556729,3.85059851,3.85059851,3.85059851,3.85059851,4.226379012,.,.,.,8.961538462,85,8.230769231,10,85,8.3,4.226379012
57,1996,224,3,CL,3,1,87,0,3,6,3,3,4,3,SL,74,VF,10,7.6,2,6,5YR,5YR,6,6,SL,3,5YR,7,3,6,3,5YR,5,3,6,SL,F,VE,4,3,5YR,7,3,6,3,5YR,5,3,6,SL,F,VE,4,9.109055018,8.727018436,8.641676898,8.641676898,8.641676898,8.344981853,8.526350496,.,.,10.28735632,73.71264368,8.103448276,10.30864198,73.69135802,8.140740741,8.647503937
59,1993,238,3,LL,1,1,149,0,2,5,2,2,3,1,SL,76,VF,12,7.8,2,3,7.5YR,7.5YR,4,2,SL,3,5YR,7,2,4,3,5YR,4,2,4,LS,F,VE,4,3,5YR,7,2,4,3,5YR,4,2,4,LS,F,VE,4,6.74708706,6.635204116,6.031568638,5.678674097,5.678674097,6.523321172,5.42793316,4.958481155,.,8.912751678,81.04697987,8.138255034,8.849315068,81.15068493,8.145205479,5.623002258
6,1956.634277,35,1,LL,2,1,161,0,2,7,2,2,4,2,LS,80,F,8,8,3,5,7.5YR,7.5YR,4,3,ST,2,7.5YR,7,2,4,2,7.5YR,4,3,6,LS,VF,VE,4,2,7.5YR,7,2,4,2,7.5YR,4,3,6,LS,VF,VE,4,3.553865715,4.311535331,5.678780373,7.298847246,7.646680818,5.069204946,7.046025416,10.53898099,12.3898659,11.91925466,71.52173913,8.130434783,12.04487179,71.25,8.136363636,7.701901022
60,1982,288,2,LL,1,1,149,0,3,5,2,2,3,2,SL,74,VF,9,7.6,2,4,5YR,7.5YR,4,4,SL,2,7.5YR,6,2,4,2,7.5YR,4,2,4,SL,F,VE,4,2,7.5YR,6,2,4,2,7.5YR,4,2,4,SL,F,VE,4,8.581713317,8.260383799,8.24984307,9.381878544,9.381878544,7.939054282,8.239302341,11.69215502,.,12.03355705,67.57718121,8.084563758,12.11724138,67.4,8.097931034,9.408622828
61,2001,58,7,LL,1,6,149,0,3,6,2,3,4,2,SL,75,F,8,7.8,0,5,5YR,5YR,4,4,NE,2,7.5YR,7,2,4,2,7.5YR,4,2,4,SL,F,VE,4,2,7.5YR,7,2,4,2,7.5YR,4,2,4,SL,F,VE,4,8.643965513,8.683144007,8.547771123,8.414301981,8.414301981,8.722322501,8.412398238,8.141915977,.,9.040268456,73.95973154,8.231543624,9.076388889,73.92361111,8.246527778,8.430803637
67,2006,216,3,CL,2,1,122,0,3,5,2,3,4,2,SL,73,VF,10,.,.,8,5YR,5YR,3,3,.,3,5YR,7,2,4,3,5YR,4,3,6,SL,F,LS,0,3,5YR,7,2,4,3,5YR,4,3,6,SL,F,LS,0,9.286493423,9.172950357,8.307447285,8.225156273,8.225156273,9.059407291,7.441944212,7.851106222,.,9.204918033,74.16393443,.,9.149122807,74.24561404,.,8.183399288
68,1978,305,0,LV,0,1,139,0,3,5,2,3,3,1,SL,75,F,9,8,2,5,5YR,5YR,3,2,SL,3,5YR,7,2,4,2,7.5YR,4,2,4,LS,M,ST,3,3,5YR,7,2,4,2,7.5YR,4,2,4,LS,M,ST,3,7.392147697,7.302309297,5.780790197,4.927036862,4.927036862,7.212470898,4.259271097,2.737925745,.,5.964028777,80.55395683,8.148201439,5.850746269,80.76119403,8.153731343,4.808237681
7,1936.446533,320,5,LV,0,3,27,0,2,7,2,2,5,3,LS,85,F,8,8.2,4,8,7.5YR,7.5YR,4,6,VE,2,7.5YR,7,2,4,2,7.5YR,4,3,6,LS,F,VE,4,2,7.5YR,7,2,4,2,7.5YR,4,3,6,LS,F,VE,4,3.477185496,3.477185496,3.477185496,3.477185496,3.477185496,3.477185496,.,.,.,8,85,8.2,8,85,8.2,3.477185496
73,1988,303,3,CL,2,1,96,0,3,5,2,3,4,2,SL,74,VF,11,7.9,0,5,5YR,5YR,4,3,NE,3,5YR,6,3,6,3,5YR,5,2,4,SL,VF,VE,4,3,5YR,6,3,6,3,5YR,5,2,4,SL,VF,VE,4,9.417706716,9.184274552,8.664845521,8.664845521,8.664845521,8.950842387,8.100248749,.,.,10.51041667,73.35416667,8.141666667,10.48351648,73.31868132,8.154945055,8.662069385
77,2020,0,4,CL,3,3,58,0,3,4,2,4,3,1,SL,75,VF,9,8,0,9,5YR,2.5YR,4,2,NE,3,5YR,5,2,4,3,5YR,3,2,3,SL,VF,ST,3,3,5YR,5,2,4,3,5YR,3,2,3,SL,VF,ST,3,8.901582839,9.215946855,9.160997492,9.160997492,9.160997492,9.530310871,8.817563978,.,.,13.01724138,73.03448276,8.184482759,13.75510204,72.67346939,8.218367347,9.353880827
8,1948.463135,304,2,CL,2,1,150,0,2,7,2,2,4,3,LS,85,VF,6,8.1,4,6,7.5YR,7.5YR,4,6,VE,2,7.5YR,7,2,4,2,7.5YR,5,3,6,LS,VF,VE,4,2,7.5YR,7,2,4,2,7.5YR,5,3,6,LS,VF,VE,4,2.829454983,2.537161551,2.404574839,3.275140875,3.275140875,2.27994333,2.27994333,4.964038985,.,5.115646259,83.63945578,8.431292517,5.078014184,83.58156028,8.445390071,3.294106232
80,1884,124,4,LL,3,1,152,0,3,5,2,3,3,2,SL,76,VF,10,8,0,6,5YR,5YR,4,3,NE,3,5YR,6,2,4,3,5YR,4,2,4,SL,VF,VE,4,3,5YR,6,2,4,3,5YR,4,2,4,SL,VF,VE,4,8.467758719,8.842440748,9.178115502,9.190153589,9.17595229,9.217122776,9.513790257,9.214229761,8.110854892,12.19736842,72.38157895,8.430921053,12.28767123,72.23287671,8.448630137,9.224924804
82,1864,170,6,LL,1,3,64,0,3,7,3,3,4,2,LS,80,VF,9,7.9,3,5,5YR,5YR,6,4,ST,2,7.5YR,7,2,4,3,5YR,4,3,6,LS,VF,VE,4,2,7.5YR,7,2,4,3,5YR,4,3,6,LS,VF,VE,4,5.983098283,5.953454377,5.946969773,5.946969773,5.946969773,5.923810471,5.923810471,.,.,8.078125,80,8.084375,8,80,8.1,5.923810471
85,1878,.,.,CL,2,.,123,0,3,5,2,3,4,2,SL,76,MIX,10,8.2,4,6,5YR,5YR,4,3,VE,3,5YR,7,2,4,3,5YR,4,2,4,SL,F,VE,4,3,5YR,7,2,4,3,5YR,4,2,4,SL,F,VE,4,8.819082378,8.743408806,8.514049024,8.41838968,8.41838968,8.667735234,8.284689241,8.002479493,.,10.39837398,74.6504065,8.421138211,10.41880342,74.58119658,8.432478632,8.440651317
9,1944.137207,135,6,CL,1,2,45,0,2,6,2,2,4,3,LS,85,VF,5,8.1,2,9,7.5YR,7.5YR,4,6,SL,2,7.5YR,6,2,4,2,7.5YR,5,3,6,SL,F,VE,4,2,7.5YR,6,3,6,2,7.5YR,5,3,6,SL,F,VE,4,6.991112329,8.251446553,8.251446553,8.251446553,8.251446553,9.826864332,.,.,.,10.88888889,73,8.457777778,12.36111111,70,8.547222222,9.678619941
90,1942.2146,108,4,LL,0,1,25,0,2,6,3,2,4,3,LS,80,VF,5,8,2,7,7.5YR,7.5YR,6,6,SL,2,7.5YR,6,3,6,2,7.5YR,4,3,6,LS,VF,VE,4,2,7.5YR,6,3,6,2,7.5YR,4,3,6,LS,VF,VE,4,3.253088952,3.253088952,3.253088952,3.253088952,3.253088952,.,.,.,.,5,83.6,8.144,5,85,8.2,2.542753
97,1874,195,2,LV,2,0,145,0,2,6,2,2,4,2,LS,80,VF,9,.,.,4,7.5YR,7.5YR,4,4,.,3,5YR,7,2,4,3,5YR,4,3,6,SL,VF,LS,0,3,5YR,7,2,4,3,5YR,4,3,6,SL,VF,LS,0,7.133235662,7.220186722,7.678037915,7.602283223,7.602283223,7.307137782,8.135889108,7.433939462,.,9.64137931,76.85517241,.,9.659574468,76.76595745,.,7.641489852
98,1886,62,1,LL,2,1,152,0,3,6,2,3,4,2,SL,74,VF,9,7.4,0,4,5YR,5YR,4,4,NE,3,5YR,7,2,4,3,5YR,6,3,6,SL,F,VE,4,3,5YR,7,2,4,3,5YR,6,3,6,SL,F,VE,4,10.27531939,10.34207076,9.79853292,9.235973577,9.221169384,10.40882213,9.254995076,8.110854892,8.110854892,12.25,70.73684211,8.074342105,12.33783784,70.64864865,8.092567568,9.243028064
B1_1,1895.879054,40,1,LV,0,1,188,0,2,6,2,2,4,2,SiL,40,VF,5,7.8,3,5,7.5YR,7.5YR,4,4,ST,2,7.5YR,5,2,4,2,7.5YR,4,2,4,SL,F,VE,4,2,7.5YR,5,2,4,2,7.5YR,4,2,4,SL,F,VE,4,16.08432199,11.37114811,12.03653698,11.87169261,10.10693588,6.657974232,12.70192586,11.54200385,3.140790895,6.574468085,64.12234043,8.035106383,6.617486339,64.78142077,8.041530055,9.851122261
B1_10,1887.039746,344,2,LV,0,0,44,0,2,5,2,2,3,2,SL,50,VF,5,7.8,1,4,7.5YR,7.5YR,4,3,VS,2,7.5YR,5,2,4,3,5YR,4,2,4,SL,F,SL,2,2,7.5YR,5,2,4,3,5YR,4,2,4,SL,F,SL,2,19.22062115,14.87560293,14.87560293,14.87560293,14.87560293,9.158473685,.,.,.,7.363636364,53.52272727,8.054545455,7.6,53.875,8.08,14.86615905
B1_2,1874.542794,100,6,CL,0,1,51,0,2,6,2,2,4,2,SL,60,F,5,7.8,0,6,7.5YR,7.5YR,4,4,NE,2,7.5YR,6,2,4,2,7.5YR,4,2,4,SL,F,ST,3,2,7.5YR,6,2,4,2,7.5YR,4,2,4,SL,F,ST,3,10.23421516,9.694759464,9.684181901,9.684181901,9.684181901,9.155303766,9.155303766,.,.,5,67.94117647,8.294117647,5,69,8.36,9.417128247
B1_3,1876.981224,170,4,LV,1,1,200,1,3,6,2,3,4,2,SL,60,F,5,7.8,2,7,5YR,5YR,4,4,SL,3,5YR,7,2,4,3,5YR,5,2,4,SL,F,ST,3,3,5YR,7,2,4,3,5YR,5,2,4,SL,F,ST,3,10.80677045,10.63559831,9.787104315,8.390806571,7.431472323,10.46442617,8.93861032,5.598211084,4.553469578,5.365,73.725,8.183,5.378238342,74.22279793,8.196891192,7.277123701
B1_4,1885.820532,30,3,CL,0,1,187,0,2,6,2,2,4,2,SL,55,F,7,7.6,2,6,7.5YR,7.5YR,4,4,SL,2,7.5YR,6,2,4,2,7.5YR,4,2,4,SL,F,SL,2,2,7.5YR,6,2,4,2,7.5YR,4,2,4,SL,F,SL,2,10.7817522,10.60657823,10.51899125,10.08965289,9.563477495,10.43140426,10.43140426,9.230976164,7.430334021,8.058823529,67.72727273,7.790769231,8.093922652,68.14917127,7.8,9.45516826
B1_5,1882.772495,60,4,CL,1,0,153,0,2,5,2,2,4,2,SL,55,F,5,6.8,0,6,7.5YR,7.5YR,4,4,NE,2,7.5YR,6,3,6,2,7.5YR,4,3,6,SL,F,VE,4,2,7.5YR,6,3,6,2,7.5YR,4,3,6,SL,F,VE,4,11.3427287,10.75537234,9.955338054,11.00527146,11.04644531,10.16801598,9.155303766,13.10513826,13.10513826,5,62.77777778,8.279084967,5,63.0952381,8.339455782,10.96241703
B1_6,1880.029261,270,3,VV,1,0,59,0,2,6,2,2,4,2,SL,65,F,5,7.8,1,5,7.5YR,7.5YR,4,4,VS,3,5YR,6,2,4,3,5YR,5,2,4,SL,F,SL,2,3,5YR,6,2,4,3,5YR,5,2,4,LS,F,SL,2,9.417128247,8.842380926,8.952721369,8.952721369,8.952721369,8.267633606,9.565723827,.,.,5.644067797,70.6779661,8.186440678,5.703703704,71.2037037,8.222222222,8.812748702
B1_7,1891.611802,0,5,CL,1,1,116,0,2,5,2,2,3,2,SL,60,F,5,7,0,7,7.5YR,7.5YR,4,3,NE,2,7.5YR,6,2,4,2,7.5YR,4,2,4,SL,F,ST,3,2,7.5YR,6,2,4,2,7.5YR,4,2,4,SL,F,ST,3,11.68708431,11.68708431,11.68708431,11.57114259,11.57114259,11.68708431,11.68708431,10.84650684,.,5,60.47413793,8.098275862,5,60.50458716,8.168807339,11.56369679
B1_8,1873.32358,320,2,LL,0,1,200,1,2,6,2,2,4,2,SL,80,F,7,7.8,2,6,7.5YR,7.5YR,4,3,SL,2,7.5YR,7,2,4,2,7.5YR,4,2,4,SL,F,ST,3,2,7.5YR,7,2,4,2,7.5YR,4,2,4,SL,F,ST,3,8.310445958,8.732874862,7.517616485,6.788641127,7.93029323,9.155303766,6.302358109,5.33069041,11.35524954,6.36,71.85,8.091,6.340206186,71.59793814,8.1,8.001279735
B1_9,1892.221409,20,5,CL,0,1,180,0,2,6,2,2,4,2,SL,50,F,5,7.6,1,4,7.5YR,7.5YR,4,4,VS,3,5YR,6,2,4,3,5YR,5,2,4,SL,F,ST,3,3,5YR,6,2,4,3,5YR,5,2,4,SL,F,ST,3,12.49596829,12.7786067,12.48250583,13.87887596,13.87643392,13.06124511,12.18640497,16.67161622,13.8642237,6.822222222,52.69444444,8.233333333,6.863636364,52.75568182,8.247727273,13.85157919
B2_1,1880.943672,350,4,LL,0,0,200,1,2,6,2,2,4,2,SL,55,F,5,7.6,1,7,7.5YR,7.5YR,4,4,VS,3,5YR,7,2,3,3,5YR,5,2,4,LS,M,ST,3,3,5YR,7,2,3,3,5YR,5,2,4,LS,M,ST,3,11.20382556,11.005298,11.07050912,9.744467322,9.081446422,10.80677045,11.13572024,7.092383724,7.092383724,3.94,68.675,8.213,3.901554404,69.17098446,8.235233161,8.935509413
B2_10,1880.334065,210,1,VV,1,1,200,1,2,5,2,2,3,2,SL,50,VF,5,6.4,0,5,7.5YR,7.5YR,4,4,NE,2,7.5YR,6,2,4,2,7.5YR,4,2,4,L,VF,ST,3,2,7.5YR,6,2,4,2,7.5YR,4,2,4,L,VF,ST,3,15.71572074,15.03600657,14.69614948,14.58286379,13.61823236,14.3562924,14.3562924,14.3562924,10.72433806,7.3,52.75,8.07,7.358974359,52.82051282,8.112820513,13.58357058
B2_2,1881.55328,0,4,LV,0,2,200,1,2,6,2,2,5,2,SL,50,F,5,7.8,2,4,7.5YR,7.5YR,4,4,SL,3,5YR,8,2,3,3,5YR,7,2,4,SL,F,VE,4,3,5YR,8,2,3,3,5YR,7,2,4,SL,F,VE,4,14.97004172,12.88672729,8.789983778,9.104278893,9.678883417,10.80341286,4.693240263,9.732869125,11.40269699,4.7,65.8,8.265,4.693877551,66.12244898,8.274489796,9.570900595
B2_4,1896.488661,91,1,LV,1,1,107,0,2,6,3,2,4,2,SL,65,VF,5,7.3,0,4,7.5YR,7.5YR,6,3,NE,3,5YR,6,3,6,2,7.5YR,4,2,4,SL,F,ST,3,3,5YR,6,3,6,2,7.5YR,4,2,4,SL,F,ST,3,11.64383445,11.59291915,9.26124519,8.95325987,8.95325987,11.54200385,6.92957123,4.553469578,.,5.392523364,67.47663551,8.194392523,5.40776699,67.57281553,8.229126214,8.8945738
B2_5,1876.066813,200,4,LV,0,1,185,0,2,6,2,2,4,2,SL,60,F,5,7.4,2,7,7.5YR,7.5YR,4,4,SL,3,5YR,7,3,6,3,5YR,5,3,6,SL,F,ST,3,3,5YR,7,3,6,3,5YR,5,3,6,SL,F,ST,3,9.864202318,9.509753042,9.332528404,9.273453525,9.251100868,9.155303766,9.155303766,9.155303766,9.155303766,5,69.62162162,8.32972973,5,70,8.366292135,9.155303766
B2_6,1876.981224,10,3,CC,1,1,200,1,2,6,2,2,4,2,SL,55,VF,5,7.2,0,6,7.5YR,7.5YR,4,4,NE,2,7.5YR,7,2,4,2,7.5YR,5,2,4,SL,MIX,ST,3,2,7.5YR,7,2,4,2,7.5YR,5,2,4,SL,MIX,ST,3,12.02741726,11.75597956,10.45564166,10.04695586,10.49961173,11.48454187,9.155303766,9.229584257,11.85757932,9.055,63.6,8.178,9.180412371,63.86597938,8.208247423,10.41902843
B2_7,1865.703487,0,10,CL,1,1,106,0,2,6,2,2,4,2,SL,60,F,5,7.8,2,7,7.5YR,7.5YR,4,4,SL,2,7.5YR,7,2,4,2,7.5YR,5,3,6,SL,F,ST,3,2,7.5YR,7,2,4,2,7.5YR,5,3,6,SL,F,ST,3,11.68708431,11.64936339,11.59568362,11.59264514,11.59264514,11.61164247,11.54200385,11.54200385,.,6.301886792,60,8.210377358,6.393939394,60,8.239393939,11.58596763
B2_8,1878.810046,250,3,CL,0,1,156,0,3,6,2,3,4,2,SL,75,VF,11,8.1,3,7,5YR,5YR,4,3,ST,3,5YR,6,2,4,3,5YR,4,2,4,SL,VF,VE,4,3,5YR,6,2,4,3,5YR,4,2,4,SL,VF,VE,4,8.447313102,8.366001172,8.89597012,9.532626275,9.654557672,8.284689241,9.425939068,10.80593858,12.70284261,12.36538462,68.65384615,8.226282051,12.4295302,68.3557047,8.232214765,9.710615974
B2_9,1894.355035,100,5,LV,1,1,27,0,3,5,3,3,4,2,SL,60,F,7,7.5,0,5,5YR,5YR,6,4,NE,2,7.5YR,5,2,4,2,7.5YR,4,2,4,SL,F,SL,2,2,7.5YR,5,2,4,2,7.5YR,4,2,4,SL,F,SL,2,10.81990222,10.70623808,10.70623808,10.70623808,10.70623808,9.285436264,.,.,.,7,63.7037037,7.655555556,7,64.54545455,7.690909091,10.51629131
B3_1,1866.617898,310,6,CV,1,1,81,0,3,6,3,3,4,2,SL,60,F,5,7.6,2,6,5YR,5YR,6,4,SL,3,5YR,7,2,3,3,5YR,6,2,4,SL,F,VE,4,3,5YR,7,2,3,3,5YR,6,2,4,L,F,VE,4,13.36224588,14.63258651,12.22625207,12.22625207,12.22625207,15.90292714,8.345067497,.,.,7.580246914,58.22222222,8.175308642,7.786666667,58.08,8.221333333,12.2693855
B3_10,1895.57425,250,5,CV,1,2,42,0,2,5,2,2,4,2,SL,45,F,5,7.8,2,8,7.5YR,7.5YR,4,4,SL,2,7.5YR,7,2,3,2,7.5YR,5,2,3,LS,F,ST,3,2,7.5YR,7,2,3,2,7.5YR,5,2,3,LS,F,ST,3,11.14680349,8.478073096,8.478073096,8.478073096,8.478073096,4.553469578,.,.,.,6.80952381,70.47619048,7.961904762,7.235294118,76.47058824,8,6.43544246
B3_2,1890.392587,250,4,VV,1,0,67,0,2,5,2,2,3,2,SL,55,F,5,7.6,2,4,7.5YR,7.5YR,4,4,SL,3,5YR,6,2,4,3,5YR,4,2,4,SL,F,ST,3,3,5YR,6,2,4,3,5YR,4,2,4,SL,F,ST,3,15.19706795,14.76815637,14.41924863,14.41924863,14.41924863,14.3392448,13.39304941,.,.,4.194029851,51.86567164,8.244776119,4.142857143,51.66666667,8.285714286,14.50268421
B3_3,1877.895635,90,2,LL,0,0,200,1,2,6,2,2,4,2,SL,50,F,5,7.6,2,5,7.5YR,7.5YR,4,4,SL,2,7.5YR,7,2,4,2,7.5YR,5,2,4,SL,F,ST,3,2,7.5YR,7,2,4,2,7.5YR,5,2,4,SL,F,ST,3,12.49084463,12.66082535,13.60150997,14.61361764,14.33118875,12.83080608,14.54219459,16.63783296,13.48390208,7.92,49.9,8.0075,7.994871795,49.8974359,8.017948718,14.3148079
B3_4,1873.628383,100,5,CL,0,0,148,0,2,6,2,2,4,2,SL,70,F,3,7.6,0,7,7.5YR,7.5YR,4,4,NE,3,5YR,7,3,6,3,5YR,5,3,6,SL,F,ST,3,3,5YR,7,3,6,3,5YR,5,3,6,SL,F,ST,3,9.846087208,9.435145995,9.229675389,8.888926529,8.888926529,9.024204783,9.024204783,8.17903307,.,3,70.23648649,8.190540541,3,70.24822695,8.219858156,8.882210587
B3_5,1893.745428,35,1,CL,1,0,178,0,2,6,3,2,4,3,L,45,VF,15,7.8,3,5,7.5YR,7.5YR,6,6,ST,2,7.5YR,5,2,4,2,7.5YR,4,2,4,L,VF,ST,3,2,7.5YR,5,2,4,2,7.5YR,4,2,4,L,VF,ST,3,12.52192209,11.91679486,14.68860165,15.53116773,14.54869312,11.31166762,17.46040844,17.21629989,9.285436264,15.99438202,46.85393258,7.968539326,16.02312139,46.90751445,7.973410405,14.54471079
B3_6,1867.837113,270,6,VV,1,1,169,0,2,6,2,2,4,2,SL,70,F,5,7.6,1,5,7.5YR,7.5YR,4,3,VS,3,5YR,7,3,6,3,5YR,5,3,6,SL,F,ST,3,3,5YR,7,3,6,3,5YR,5,3,6,SL,F,ST,3,10.56281688,11.15686295,11.41210495,11.45540458,11.46514059,11.75090901,11.66734695,11.54200385,11.54200385,10.82248521,58.84615385,8.468639053,11,58.50609756,8.495121951,11.53556245
B3_7,1874.847598,260,5,CC,0,2,135,0,2,6,3,2,4,2,SL,65,F,3,7.6,0,6,7.5YR,7.5YR,6,3,NE,3,5YR,6,3,6,3,5YR,5,3,6,SL,F,ST,3,3,5YR,6,3,6,3,5YR,5,3,6,SL,F,ST,3,9.574976033,9.383358449,8.717340789,7.808299479,7.808299479,9.191740865,8.051323129,5.211038594,.,4.896296296,73.25925926,8.234074074,4.984496124,73.64341085,8.263565891,7.683483084
B3_8,1878.200439,246,1,LV,0,2,95,0,2,5,3,2,3,2,SL,70,VF,5,7.3,0,5,7.5YR,7.5YR,6,4,NE,2,7.5YR,5,3,6,2,7.5YR,3,2,4,SL,VF,SL,2,2,7.5YR,5,2,4,2,7.5YR,3,2,4,SL,VF,SL,2,8.458812146,8.371750694,9.235518304,9.235518304,9.235518304,8.284689241,10.19526009,.,.,9.736842105,70.31578947,8.211578947,10,70.33333333,8.262222222,9.239974667
B3_9,1874.847598,35,5,CL,0,4,200,1,2,5,2,2,4,2,SL,70,F,5,7.6,1,7,7.5YR,7.5YR,4,3,VS,2,7.5YR,6,2,4,3,5YR,5,2,4,LS,F,ST,3,2,7.5YR,6,3,6,3,5YR,5,2,4,LS,F,ST,3,6.220845376,5.650256244,5.364961679,5.343916262,5.416702921,5.079667113,5.079667113,5.301825427,5.635062899,5.7,79.65,8.372,5.725388601,80,8.4,5.281105999
B4_1,1888.258961,190,4,CL,0,5,11,0,2,6,2,2,4,2,SL,70,F,5,7.8,3,11,7.5YR,7.5YR,4,4,ST,2,7.5YR,6,2,4,2,7.5YR,4,2,4,SL,F,ST,3,1,10YR,4,1,1,1,10YR,3,2,3,CL,CO,LS,0,9.155303766,9.155303766,9.155303766,9.155303766,9.155303766,.,.,.,.,5,70,7.8,.,.,.,.
B4_10,1874.542794,230,1,LV,3,1,56,0,3,5,2,3,4,2,LS,80,F,8,8.1,3,5,5YR,5YR,4,4,ST,3,5YR,7,2,4,2,7.5YR,6,2,4,SL,F,VE,4,3,5YR,7,2,4,2,7.5YR,6,2,4,SL,MIX,VE,4,8.095433932,8.267864709,8.269667337,8.269667337,8.269667337,8.440295486,8.284689241,.,.,10.92857143,75.44642857,8.191071429,11.21568627,75,8.2,8.499653304
B4_2,1881.248476,110,11,VV,0,2,7,0,2,6,2,2,4,2,SL,60,F,5,7.6,2,7,7.5YR,7.5YR,4,4,SL,2,7.5YR,6,2,4,2,7.5YR,4,2,4,SL,F,SL,2,1,10YR,4,1,1,1,10YR,3,2,3,CL,CO,LS,0,11.68708431,11.68708431,11.68708431,11.68708431,11.68708431,.,.,.,.,5,60,7.6,.,.,.,.
B4_3,1877.590832,210,6,VV,0,1,69,0,2,5,2,2,3,2,SL,60,F,3,7.6,2,5,7.5YR,7.5YR,4,4,SL,2,7.5YR,6,2,4,2,7.5YR,4,3,6,SL,F,ST,3,2,7.5YR,6,2,4,2,7.5YR,4,3,6,SL,F,ST,3,9.587940676,9.30607273,8.774904071,8.774904071,8.774904071,9.024204783,7.377091813,.,.,3,70.28985507,7.805797101,3,71.09375,7.821875,8.53521812
B4_4,1890.697391,220,5,CL,0,0,153,0,2,5,2,2,3,2,SL,60,F,5,7.8,3,5,7.5YR,7.5YR,4,4,ST,2,7.5YR,6,2,4,2,7.5YR,5,2,4,SL,F,VE,4,2,7.5YR,6,2,4,2,7.5YR,5,2,4,SL,F,VE,4,11.63485534,11.66096983,10.77538184,10.43138289,10.43256856,11.68708431,9.889793861,9.743384976,10.49185197,4.790849673,64.83660131,8.351633987,4.783783784,65,8.37027027,10.39018627
