"id","H1_DryHue","H1_DryValue","H1_DryChroma","H1_MoistHue","H1_MoistValue","H1_MoistChroma","H1_SandPercent","H1_ClayPercent","H1_pH","H1_Effervescence","H1_Depth","H2_MaxClay","H2_MinClay","H2_MaxSand","H2_MinSand","H2_MaxpH","H2_MinpH","H2_MaxDryHue","H2_MinDryHue","H2_MaxDryValue","H2_MinDryValue","H2_MaxDryChroma","H2_MinDryChroma","H2_MaxMoistHue","H2_MinMoistHue","H2_MaxMoistValue","H2_MinMoistValue","H2_MaxMoistChroma","H2_MinMoistChroma","TotalDepth","AWC25","AWC50","AWC100","Depth50","Depth100","Depth150","Depth200"
"B1_1","2",6,4,"2",4,4,40,5,7.8,"3",5,7,5,85,40,8.2,8,"3","2",7,5,6,4,"2","2",4,3,4,4,55,16.084321992,11.371148112,12.0365369845,1,1,1,0
"B1_10","2",5,4,"2",3,3,50,5,7.8,"1",4,15,5,75,30,8.2,8,"3","2",6,5,6,4,"3","2",4,4,4,4,17,19.22062115088,14.8756029268636,14.8756029268636,1,1,1,0
"B1_2","2",6,4,"2",4,4,60,5,7.8,"0",6,5,5,70,65,8.4,8.2,"2","2",6,6,4,4,"2","2",5,4,4,4,36,10.234215162,9.694759464,9.68418190129412,1,1,1,0
"B1_3","3",6,4,"3",4,4,60,5,7.8,"2",7,10,3,80,65,8.6,8,"3","3",7,6,4,4,"3","3",5,4,4,4,86,10.8067704492,10.6355983096,9.78710431465,1,1,1,0
"B1_4","2",6,4,"2",4,4,55,7,7.6,"2",6,10,3,75,55,7.8,7.8,"2","2",7,6,6,4,"2","2",5,4,6,4,112,10.78175220496,10.60657823248,10.51899124624,1,1,1,0
"B1_5","2",5,4,"2",4,4,55,5,6.8,"0",6,5,5,70,55,8.5,7.6,"2","2",7,5,6,4,"2","2",5,4,6,4,65,11.3427286996,10.7553723416,9.9553380538,1,1,1,0
"B1_6","2",6,4,"2",4,4,65,5,7.8,"1",5,7,5,75,65,8.4,8.2,"3","3",8,6,4,3,"3","3",7,5,4,4,29,9.4171282468,8.8423809264,8.95272136886441,1,1,1,0
"B1_7","2",5,4,"2",3,3,60,5,7,"0",7,5,5,65,60,8.6,7.6,"2","2",8,5,4,2,"2","2",6,4,4,4,85,11.68708431,11.68708431,11.68708431,1,1,1,0
"B1_8","2",6,4,"2",4,3,80,7,7.8,"2",6,10,5,80,60,8.1,8.1,"2","2",7,6,4,4,"2","2",6,4,4,4,59,8.31044595792,8.73287486196,7.51761648543,1,1,1,0
"B1_9","2",6,4,"2",4,4,50,5,7.6,"1",4,10,5,60,45,8.6,7.8,"3","3",7,5,6,4,"3","3",5,4,6,4,60,12.4959682856,12.7786066984,12.4825058317,1,1,1,0
"B2_1","2",6,4,"2",4,4,55,5,7.6,"1",7,5,3,75,60,8.4,7.8,"3","2",7,6,4,3,"3","2",5,4,4,4,106,11.2038255552,11.0052980022,11.07050912094,1,1,1,0
"B2_10","2",5,4,"2",3,4,50,5,6.4,"0",5,8,3,75,45,8.6,6.4,"2","2",7,4,6,4,"2","2",5,3,4,4,155,15.715720738,15.036006569,14.6961494845,1,1,1,0
"B2_2","2",6,4,"2",5,4,50,5,7.8,"2",4,7,3,80,50,8.4,7.8,"3","3",8,6,8,1,"3","3",7,5,6,4,59,14.97004172,12.8867272916,8.78998377752,1,1,1,0
"B2_4","2",6,6,"2",4,3,65,5,7.3,"0",4,7,3,80,50,8.6,7.8,"3","1",8,5,6,2,"2","1",7,3,4,3,48,11.6438344508,11.5929191504,9.26124519044,1,1,1,0
"B2_5","2",6,4,"2",4,4,60,5,7.4,"2",7,5,5,70,70,8.6,8.2,"3","3",8,6,6,4,"3","3",6,4,6,6,77,9.86420231832,9.50975304216,9.33252840408,1,1,1,0
"B2_6","2",6,4,"2",4,4,55,5,7.2,"0",6,23,5,70,50,8.6,8,"2","2",7,5,6,4,"2","2",6,4,6,4,100,12.027417258,11.75597956224,10.45564166412,1,1,1,0
"B2_7","2",6,4,"2",4,4,60,5,7.8,"2",7,7,5,60,60,8.3,8.1,"3","2",7,6,6,4,"2","2",5,4,6,6,69,11.68708431,11.6493633904,11.5956836202,1,1,1,0
"B2_8","3",6,4,"3",4,3,75,11,8.1,"3",7,18,10,75,50,8.3,8.1,"3","2",6,5,6,4,"3","2",4,3,6,4,73,8.44731310212,8.36600117156,8.89597012002,1,1,1,0
"B2_9","3",5,6,"3",4,4,60,7,7.5,"0",5,7,7,70,60,7.8,7.6,"2","2",6,5,5,4,"2","2",4,4,4,4,12,10.81990222248,10.7062380774074,10.7062380774074,1,1,1,0
"B3_1","3",6,6,"3",4,4,60,5,7.6,"2",6,10,5,74,45,8.4,7.6,"3","3",7,6,6,3,"3","3",6,4,6,4,39,13.362245884,14.632586512,12.2262520743457,1,1,1,0
"B3_10","2",5,4,"2",4,4,45,5,7.8,"2",8,15,3,80,70,8,8,"2","2",7,5,4,3,"2","2",5,4,4,3,22,11.14680348808,8.47807309590476,8.47807309590476,1,1,1,0
"B3_2","2",5,4,"2",3,4,55,5,7.6,"2",4,5,3,55,45,8.6,7.8,"3","2",8,5,4,2,"3","2",7,3,4,4,30,15.1970679456,14.7681563708,14.4192486344776,1,1,1,0
"B3_3","2",6,4,"2",4,4,50,5,7.6,"2",5,20,5,65,20,8.2,7.5,"3","2",7,6,6,4,"3","2",6,4,6,4,75,12.4908446256,12.6608253528,13.6015099724,1,1,1,0
"B3_4","2",6,4,"2",4,4,70,3,7.6,"0",7,3,3,75,65,8.6,7.8,"3","3",8,6,6,3,"3","3",6,5,6,4,106,9.84608720772,9.43514599536,9.22967538918,1,1,1,0
"B3_5","2",6,6,"2",4,6,45,15,7.8,"3",5,19,7,70,35,8.2,7.6,"2","2",6,4,6,4,"2","2",4,3,6,4,84,12.521922092,11.9167948566,14.6886016505,1,1,1,0
"B3_6","2",6,4,"2",4,3,70,5,7.6,"1",5,18,5,65,55,8.8,8.2,"3","2",8,6,6,4,"3","2",5,4,6,4,64,10.5628168844,11.1568629472,11.4121049466,1,1,1,0
"B3_7","2",6,6,"2",4,3,65,3,7.6,"0",6,7,3,80,70,8.4,8,"3","3",8,6,6,4,"3","3",6,4,6,4,40,9.57497603344,9.38335844944,8.71734078932,1,1,1,0
"B3_8","2",5,6,"2",3,4,70,5,7.3,"0",5,10,10,75,60,8.4,8.2,"2","2",7,5,6,4,"2","2",5,3,6,4,45,8.458812146,8.3717506935,9.23551830412632,1,1,1,0
"B3_9","2",5,4,"2",4,3,70,5,7.6,"1",7,7,5,80,80,8.4,8.4,"2","2",7,6,6,4,"3","2",5,5,4,4,96,6.22084537584,5.65025624442,5.36496167871,1,1,1,0
"B4_1","2",6,4,"2",4,4,70,5,7.8,"3",11,NA,NA,NA,NA,NA,NA,NA,NA,NA,NA,NA,NA,NA,NA,NA,NA,NA,NA,0,9.155303766,9.155303766,9.155303766,1,1,1,0
"B4_10","3",5,4,"3",4,4,80,8,8.1,"3",5,12,10,75,75,8.2,8.2,"3","2",7,5,4,3,"3","2",6,4,4,4,20,8.0954339318,8.26786470872,8.26966733717857,1,1,1,0
"B4_2","2",6,4,"2",4,4,60,5,7.6,"2",7,NA,NA,NA,NA,NA,NA,NA,NA,NA,NA,NA,NA,NA,NA,NA,NA,NA,NA,0,11.68708431,11.68708431,11.68708431,1,1,1,0
"B4_3","2",5,4,"2",3,4,60,3,7.6,"2",5,3,3,80,70,8,7.8,"2","2",7,6,4,3,"2","2",6,4,6,4,57,9.5879406764,9.3060727297,8.7749040714058,1,1,1,0
"B4_4","2",5,4,"2",3,4,60,5,7.8,"3",5,7,3,75,60,8.6,8.2,"2","2",7,5,4,3,"2","2",5,4,6,4,58,11.6348553444,11.6609698272,10.77538184433,1,1,1,0
"B4_6","2",5,4,"2",3,4,65,5,7.6,"2",6,5,5,70,70,7.8,7.8,"2","2",6,6,4,4,"2","2",4,4,4,4,41,9.46949314296,9.32242577502128,9.32242577502128,1,1,1,0
"B4_7","1",6,4,"2",4,3,75,5,7.4,"0",5,7,5,80,75,8.5,8,"2","2",8,6,6,4,"2","2",5,4,6,4,84,7.700722117,7.734520629,7.53632772276,1,1,1,0
"B4_8","2",6,4,"2",4,4,65,5,7.8,"2",6,5,5,70,60,8.2,8,"2","2",7,6,4,4,"2","2",5,4,4,4,94,10.68474780408,9.92002578504,9.53766477552,1,1,1,0
"B4_9","2",6,4,"2",5,4,60,5,7.8,"2",7,NA,NA,NA,NA,NA,NA,NA,NA,NA,NA,NA,NA,NA,NA,NA,NA,NA,NA,0,11.68708431,11.68708431,11.68708431,1,1,1,0
"IL1_1","2",6,4,"2",4,4,60,5,6.6,"0",4,5,5,65,60,8.2,7.4,"2","2",7,5,6,6,"2","2",5,4,6,4,20,11.6381779844,11.198021054,11.198021054,1,1,1,0
"IL1_10","2",6,4,"2",4,3,60,7,7.8,"1",5,7,7,70,60,8.1,8.1,"2","2",6,6,4,4,"2","2",5,4,4,4,69,11.54200385,11.54200385,11.0431836467789,1,1,1,0
"IL1_3","2",6,4,"2",4,4,70,7,8.2,"3",7,7,7,65,55,8.1,7.8,"2","2",6,6,4,4,"2","2",4,3,4,4,104,10.11862661152,10.28063584576,10.36164046288,1,1,1,0
"IL1_4","2",5,4,"2",3,4,65,7,7.6,"0",7,7,5,65,50,8.6,8,"2","2",8,5,6,1,"2","2",6,4,4,4,42,12.9929226496,13.7772827498,12.3605896669792,1,1,1,0
"IL1_5","2",6,4,"2",4,4,60,5,6.5,"0",8,10,5,80,60,8.4,7.6,"3","2",8,5,6,2,"3","2",7,4,6,4,35,10.19532080656,10.03051113808,10.25289118424,1,1,1,0
"IL1_8","2",5,4,"2",4,4,70,7,7.2,"0",7,7,5,80,60,8.3,8,"2","2",6,5,6,4,"3","2",5,4,6,4,73,9.7367497812,10.6393768156,10.23319465012,1,1,1,0
"IL1_9","2",5,4,"2",4,4,65,10,7.8,"3",8,NA,NA,NA,NA,NA,NA,NA,NA,NA,NA,NA,NA,NA,NA,NA,NA,NA,NA,NA,10.43140426,10.43140426,10.43140426,1,1,1,0
"IL2_1","2",6,4,"2",4,4,70,5,7.8,"3",9,NA,NA,NA,NA,NA,NA,NA,NA,NA,NA,NA,NA,NA,NA,NA,NA,NA,NA,0,9.155303766,9.155303766,9.155303766,1,1,1,0
"IL2_10","2",6,4,"2",4,4,70,7,6.6,"0",5,7,5,75,70,8.4,7.8,"2","2",8,5,4,3,"2","2",6,4,4,4,62,8.3491394906,8.0587293158,8.00554539756757,1,1,1,0
"IL2_2","2",6,4,"2",3,4,60,5,7.6,"2",5,10,5,55,50,8.4,8.2,"4","2",7,6,6,4,"4","2",5,4,6,4,40,14.313450238,14.390794551,14.1245508115517,1,1,1,0
"IL2_3","2",6,4,"2",4,4,55,7,6.4,"0",4,10,5,60,50,8.6,6.6,"3","2",8,6,6,2,"3","2",7,4,6,4,124,11.8853337216,13.4276877208,14.1988647204,1,1,1,0
"IL2_4","2",5,4,"2",3,3,65,7,7.6,"2",8,7,7,60,45,8.2,8,"2","2",5,5,4,4,"2","2",4,4,4,4,20,14.6783454552,13.7233382044186,13.7233382044186,1,1,1,0
"IL2_5","2",6,4,"2",4,4,70,5,7.6,"0",6,38,5,80,40,8.2,7.8,"3","3",8,5,6,4,"3","3",6,4,6,4,67,9.4171282468,10.2578306412,9.34520263385,1,1,1,0
"IL2_7","2",5,4,"2",4,4,70,7,7.6,"1",7,10,7,70,70,8.6,7.6,"3","1",7,5,6,3,"3","2",5,4,4,4,16,9.31038164656,9.3270119016,9.32066985518644,1,1,1,0
"IL2_8","3",6,4,"3",4,3,60,5,7,"0",6,5,5,55,55,8.2,7.6,"3","3",8,5,6,3,"3","2",6,4,4,4,22,12.764805312,12.9201747013043,12.9201747013043,1,1,1,0
"IL2_9","2",5,4,"2",3,4,75,5,7.8,"2",8,5,5,60,60,8.2,8.2,"2","2",6,6,4,4,"3","3",4,4,6,6,48,10.32492421752,11.00600426376,11.0789771258571,1,1,1,0
"IL3_1","2",5,4,"2",3,4,40,5,7.6,"2",6,7,7,40,40,8.1,7.8,"3","3",6,5,4,4,"3","3",4,4,4,4,18,19.0717366604,19.0384691847059,19.0384691847059,1,1,1,0
"IL3_10","2",6,4,"2",4,3,55,5,7,"2",7,7,5,75,65,8.6,8.1,"3","2",8,7,4,4,"3","2",5,4,6,4,62,10.26125742432,9.70828059516,9.98162359026,1,1,1,0
"IL3_2","1",5,4,"1",3,4,75,5,7.6,"0",5,5,5,80,80,8.4,8.2,"2","2",6,5,6,4,"2","2",5,4,4,4,125,5.5498004946,5.3147338038,5.1972004584,1,1,1,0
"IL3_3","2",6,4,"2",4,4,65,5,7.4,"0",6,7,5,75,60,8.4,8,"2","2",7,7,6,4,"2","2",5,5,6,4,76,8.15851613676,7.92961912688,8.00068084624,1,1,1,0
"IL3_4","2",5,4,"2",3,4,35,12,6.6,"0",4,18,10,75,45,8.2,6.6,"2","2",6,4,6,4,"2","2",4,3,6,4,38,15.3297875332,12.8450843688,12.42703358104,1,1,1,0
"IL3_6","2",5,4,"2",4,3,70,7,7.6,"0",7,7,7,70,70,8.3,8,"3","2",7,5,6,3,"4","3",5,4,4,4,35,9.285436264,9.285436264,9.285436264,1,1,1,0
"IL3_7","2",5,4,"2",4,4,70,7,7.4,"0",4,7,7,70,60,8.1,8,"3","2",5,5,6,6,"2","2",4,4,4,4,19,10.81990222248,10.8733912319259,10.8733912319259,1,1,1,0
"IL3_9","2",6,4,"2",4,4,80,7,7.8,"1",6,7,5,75,70,8.4,8.2,"2","1",8,5,6,3,"2","2",8,4,6,4,39,8.4093466564,8.8473914602,8.78814852565,1,1,1,0
"IL4_10","2",6,4,"2",4,4,60,3,7.4,"2",7,3,3,75,65,8.4,8,"2","2",8,7,6,2,"2","2",5,5,6,4,95,10.8701410084,10.6809964892,10.5864242296,1,1,1,0
"IL4_2","2",7,4,"2",5,4,70,5,7.8,"2",7,5,5,80,65,8.4,8.2,"2","2",8,7,4,4,"2","2",6,5,4,4,68,9.155303766,9.155303766,9.5480404872,1,1,1,0
"IL4_3","2",5,4,"2",3,4,40,3,7.8,"2",6,15,15,35,35,8.1,8.1,"3","3",6,6,4,4,"3","3",4,4,4,4,19,18.8467814512,18.8467814512,18.8467814512,1,1,1,0
"IL4_4","3",7,6,"3",5,4,65,7,7.6,"2",7,7,7,70,70,7.8,7.8,"3","3",6,6,6,6,"3","3",5,5,4,4,8,9.8254670448,9.8254670448,9.8254670448,1,1,1,0
"IL4_5","2",6,4,"2",4,4,75,7,7.8,"2",6,5,5,80,80,8.1,8.1,"2","2",5,5,6,6,"2","2",4,4,4,4,17,5.78105459856522,5.78105459856522,5.78105459856522,1,1,1,0
"IL4_7","2",5,4,"2",3,4,60,3,7.4,"2",6,10,5,70,60,8.2,8.2,"3","3",7,6,4,3,"3","3",5,4,4,3,104,11.614215146,11.578109498,11.560056674,1,1,1,0
"IL4_8","2",7,4,"2",5,4,70,5,8.1,"2",10,NA,NA,NA,NA,NA,NA,NA,NA,NA,NA,NA,NA,NA,NA,NA,NA,NA,NA,0,9.155303766,9.155303766,9.155303766,1,1,1,0
"IL4_9","2",6,4,"2",4,4,65,5,7.6,"2",9,3,3,65,65,7.8,7.8,"2","2",6,6,4,4,"2","2",5,4,4,4,13,10.481978682,10.48413846375,10.48413846375,1,1,1,0
"M1_1","2",6,4,"2",4,3,80,7,7.8,"1",8,10,7,75,65,8.6,8.2,"2","2",7,6,5,4,"2","2",5,4,4,4,62,7.08567714356,7.42699814228,8.39658417734,1,1,1,0
"M1_10","2",6,4,"2",4,3,70,7,7.3,"1",6,10,5,75,60,8.1,8,"2","2",7,6,4,4,"2","2",5,4,4,4,120,9.285436264,9.285436264,9.285436264,1,1,1,0
"M1_2","2",5,4,"2",4,3,70,5,8,"2",4,5,5,70,70,8.2,8.2,"2","2",7,6,4,4,"2","2",5,4,4,4,75,9.155303766,9.155303766,9.155303766,1,1,1,0
"M1_4","1",5,3,"2",4,2,80,5,7.6,"0",4,7,5,80,75,8.4,8,"2","2",7,6,4,4,"2","2",5,4,6,4,95,5.079667113,5.24098623468,5.85937620112,1,1,1,0
"M1_5","2",6,4,"2",4,4,60,7,6.6,"0",6,25,10,65,30,8.2,7.8,"3","3",7,6,6,4,"3","3",5,4,6,4,60,10.6979481616,10.5646762108,13.3743202136,1,1,1,0
"M1_6","2",7,4,"2",4,4,70,5,7.6,"2",9,7,7,75,75,8.4,8.2,"2","2",8,7,6,4,"2","2",6,4,4,4,94,8.267633606,8.0179763735,7.89314775725,1,1,1,0
"M1_7","2",5,3,"2",4,2,70,5,7.5,"3",8,10,5,70,60,8,7.6,"2","2",6,5,4,3,"2","2",4,4,4,3,95,9.155303766,9.155303766,9.155303766,1,1,1,0
"M1_8","2",5,4,"2",3,3,75,7,8,"3",7,10,5,75,70,8,8,"2","2",7,5,4,4,"2","2",4,4,4,4,75,8.86064346956,9.07303986678,9.18194890523,1,1,1,0
"M2_1","2",6,6,"2",4,4,70,15,6.6,"0",4,15,10,70,65,8.6,7.4,"2","2",8,6,6,3,"2","2",6,4,6,4,55,10.30863872152,9.90097658676,9.91498558534,1,1,1,0
"M2_10","2",6,4,"2",6,4,75,5,7.6,"2",6,5,3,80,70,8.2,7.8,"3","2",8,7,4,4,"3","2",8,7,4,4,56,6.05636957104,6.57437664752,6.83338018576,1,1,1,0
"M2_3","2",5,4,"2",4,3,80,7,7.4,"0",5,10,7,80,80,8.6,7.4,"2","2",7,5,4,4,"2","2",5,4,6,3,46,6.06142687004,6.29237402102,6.28363243166667,1,1,1,0
"M2_5","2",6,3,"2",3,4,70,5,7.6,"1",4,7,5,75,60,8.4,8.2,"2","2",7,6,4,3,"2","2",5,4,4,4,52,7.990236681,8.267633606,9.01528235128,1,1,1,0
"M2_6","2",6,4,"2",4,4,70,5,7.4,"3",7,18,5,80,45,7.6,7.4,"3","2",7,5,4,3,"3","2",5,4,4,3,72,7.9133255496,7.6718297853,7.72861129855,1,1,1,0
"M2_7","2",5,4,"2",5,4,60,5,8.1,"3",8,7,5,80,75,8.1,8,"2","2",7,5,4,4,"2","2",7,5,4,4,82,7.19404061604,6.13685386452,6.41485609716,1,1,1,0
"M2_8","2",6,3,"2",4,2,75,5,7.6,"2",6,7,3,80,60,8.2,8,"2","2",7,6,4,4,"2","2",5,4,4,4,96,5.24391704432,5.7619241208,6.4271539224,1,1,1,0
"M2_9","1",6,4,"2",3,3,80,5,7.4,"0",5,7,7,80,70,8.4,8,"2","2",7,6,6,4,"3","2",5,4,4,4,113,8.4442824338,8.8648593489,7.870524596,1,1,1,0
"M3_1","2",6,4,"2",4,3,55,5,7.6,"2",8,5,3,75,60,8.6,8.1,"3","3",7,7,4,4,"3","3",6,5,6,4,64,12.140861574,10.5355627662,9.30907405518,1,1,1,0
"M3_2","2",5,4,"2",4,4,60,7,7,"0",5,7,5,80,65,8.6,8,"3","2",8,5,6,1,"3","2",6,4,4,4,32,10.662516834,10.04340907796,8.26917029715385,1,1,1,0
"M3_3","2",6,4,"2",4,4,65,5,7.6,"2",7,5,5,75,65,8.4,8,"2","2",7,6,6,6,"2","2",5,4,4,4,90,9.88841231224,9.52185803912,8.99358695356,1,1,1,0
"M3_5","2",6,4,"2",4,4,55,12,7.6,"1",7,5,3,75,50,8.8,8.2,"2","2",7,5,6,4,"2","2",5,3,6,4,87,14.2070344064,11.27992170488,9.18615271444,1,1,1,0
"M3_7","2",6,4,"2",6,4,85,5,8,"1",6,5,5,80,70,8.4,8.2,"2","2",6,6,4,4,"2","2",6,6,4,4,125,7.56829158216,7.84430675058,7.63732038579,1,1,1,0
"M3_8","2",6,4,"2",4,3,55,7,7.4,"1",6,15,5,70,55,8.8,7.8,"3","3",8,6,6,3,"3","3",7,4,6,4,57,11.17182038592,10.92838664712,11.27051481906,1,1,1,0
"M4_2","2",6,4,"2",4,4,60,3,7.4,"1",8,5,3,70,50,8.4,7.6,"2","2",8,6,4,4,"3","2",6,3,4,4,66,10.6568726588,9.85627059886,9.75708639607,1,1,1,0
"M4_3","2",6,4,"2",4,4,70,5,7.8,"2",6,23,5,70,40,8.6,8.1,"3","3",8,6,6,2,"3","3",8,5,6,4,57,9.19694616536,9.24119121468,9.20475411524,1,1,1,0
"M4_4","2",6,4,"2",4,4,65,5,7.8,"1",5,5,3,80,60,8.2,8,"3","3",8,6,6,3,"3","3",6,5,6,4,89,11.442552682,10.73777239052,8.91507805726,1,1,1,0
"M4_5","2",7,4,"2",4,3,75,10,7.6,"0",4,7,5,80,75,8.4,8.4,"3","3",7,6,6,4,"3","3",6,4,6,4,147,5.59247065348,5.71248016716,6.74039965408,1,1,1,0
"M4_6","3",6,4,"3",4,3,70,3,6.8,"1",5,20,3,65,60,8.4,8,"3","3",7,5,6,4,"3","3",5,4,6,4,105,10.1983225326,10.3450872513,10.41846961065,1,1,1,0
"M4_7","2",5,4,"2",3,4,50,5,8,"1",14,15,3,75,55,8.6,8.2,"3","3",8,6,4,2,"3","2",7,4,6,4,36,14.1040023108,13.0360467004,11.8312908812603,1,1,1,0
"M4_9","2",5,4,"2",3,4,45,25,7.6,"0",9,25,7,55,45,8.4,8,"2","2",7,5,4,4,"2","2",5,4,6,4,47,12.8892355468,12.7960390784,12.7781219208955,1,1,1,0
"1","2",6,3,"2",5,3,95,3,8.2,"2",12,2,2,95,95,8.3,8.3,"2","2",6,6,3,3,"2","2",4,4,3,3,18,0.10694363196,0.1043873698,0.1043873698,1,1,1,0
"2","2",7,4,"2",3,4,75,10,7.6,"1",5,6,5,85,80,8.4,8.2,"2","2",7,6,4,3,"2","2",5,4,6,6,83,5.9398887514,5.6467886902,5.16292638412,1,1,1,0
"10","3",6,6,"3",4,4,85,5,8.1,"4",9,10,4,87,75,8.6,8.1,"3","3",7,5,6,4,"3","3",5,4,4,4,25,6.21759219424,4.26573113838,4.10916149677359,1,1,1,0
"11","3",6,6,"3",4,6,85,8,8.1,"4",7,8,6,85,75,8.6,8.3,"3","3",6,5,6,6,"3","3",4,4,6,4,78,3.01081952664,2.92013725482,4.30548392263,1,1,1,0
"12","3",5,4,"3",4,4,85,5,8.1,"4",9,10,10,75,75,8.4,8.4,"3","3",4,4,4,4,"3","3",3,3,4,4,35,6.21759219424,7.25114071762,7.48965191532308,1,1,1,0
"14","2",8,4,"2",5,4,80,6,8.1,"3",5,8,6,85,70,8.4,8.2,"2","2",8,6,4,3,"2","2",4,4,6,6,18,6.60911185652,7.11447519558065,7.11447519558065,1,1,1,0
"15","2",7,6,"2",4,6,80,6,8,"2",8,10,8,80,70,8.6,8.2,"2","2",7,6,6,4,"2","2",6,4,6,4,16,6.68572298956,7.73327950138636,7.73327950138636,1,1,1,0
"16","2",7,4,"2",4,6,85,6,8.1,"3",9,8,8,80,80,8.3,8.3,"2","2",6,6,4,4,"2","2",4,4,6,6,19,4.80984249532,4.929196207,4.929196207,1,1,1,0
"17","2",7,4,"2",5,6,85,7,8,"3",5,10,8,80,75,8.3,8.3,"2","2",7,7,6,6,"2","2",4,4,6,4,12,6.4059932146,6.47825075407692,6.47825075407692,1,1,1,0
"18","3",6,4,"3",4,4,85,6,8.1,"3",5,NA,NA,NA,NA,NA,NA,NA,NA,NA,NA,NA,NA,NA,NA,NA,NA,NA,NA,0,2.829454983,2.829454983,2.829454983,1,1,1,0
"19","2",5,4,"3",3,3,75,10,8,"0",3,12,9,77,75,8.6,8.1,"4","3",7,4,4,3,"4","3",5,3,6,3,43,8.284689241,8.284689241,8.06094830567,1,1,1,0
"20","2",5,4,"3",4,3,60,10,8.2,"3",3,18,15,50,42,8.2,8.1,"4","3",5,5,4,4,"4","3",4,3,4,4,22,13.0965503868,13.4562261614634,13.4562261614634,1,1,1,0
"21","3",5,6,"3",4,4,85,8,8.1,"4",10,10,4,88,80,8.5,8.4,"3","3",5,5,6,6,"3","3",4,4,4,4,56,5.3048669016,4.00342131424,3.12581512445263,1,1,1,0
"23","3",5,4,"3",4,3,75,12,7.6,"0",3,15,8,85,60,8.4,8,"3","2",6,5,6,4,"3","3",4,4,6,4,42,8.193117315,9.7741834275,10.1581808775556,1,1,1,0
"24","2",6,4,"3",4,3,72,12,8,"2",5,15,11,75,70,8.2,8.1,"3","3",7,5,4,3,"3","3",4,3,4,4,17,8.8221928076,9.193331661625,9.193331661625,1,1,1,0
"32","2",5,6,"2",3,4,75,8,8,"2",7,15,4,90,70,8.6,8.5,"2","2",7,5,6,4,"2","2",5,4,6,6,78,9.34065797368,7.04354795848,3.87598689874,1,1,1,0
"33","2",7,4,"2",5,6,85,6,8.1,"4",9,10,7,80,75,8.6,8.1,"2","2",7,7,6,4,"2","2",5,4,6,6,40,6.21481985444,5.92494137672,5.80359689767442,1,1,1,0
"38","3",5,4,"3",4,3,72,11,8,"0",7,9,8,77,75,8.3,8.2,"3","3",7,6,6,4,"3","3",4,4,6,4,78,8.28355101864,8.11130265032,7.9823136972766,1,1,1,0
"39","3",6,6,"3",4,6,80,6,8.1,"4",8,10,10,85,85,8.1,8.1,"3","3",5,5,6,6,"3","3",4,4,6,6,11,4.7010356928421,4.7010356928421,4.7010356928421,1,1,1,0
"40","2",6,4,"3",3,3,72,12,7.8,"0",7,15,10,80,67,8.4,8,"3","2",7,5,6,3,"3","2",5,4,4,3,59,9.84100786952,9.20200987126,8.51536654595,1,1,1,0
"42","3",6,4,"3",3,3,77,9,8,"1",6,13,6,85,70,8.3,8.2,"3","2",7,5,4,4,"3","2",5,3,4,4,27,9.17279410612,6.82821867848,6.27666506531035,1,1,1,0
"43","3",5,4,"3",3,3,70,12,8,"0",5,19,9,76,56,8.6,8.1,"3","3",8,4,6,2,"3","3",5,3,6,4,48,11.1650909816,11.1469424388,10.786517061,1,1,1,0
"44","3",7,4,"3",5,6,80,5,8,"1",7,9,4,85,85,8.5,8,"3","3",8,5,6,3,"3","3",5,4,6,6,69,4.18663713996,3.80342537968,3.47210813734,1,1,1,0
"47","1",6,6,"1",3,4,75,7,8.1,"3",6,15,6,80,70,8.6,8.2,"1","1",7,6,6,4,"1","1",5,3,6,6,66,7.89807784816,7.91856606508,7.92881017354,1,1,1,0
"48","3",5,6,"3",3,4,75,4,NA,"3",11,9,7,85,80,8.4,8.2,"3","3",7,6,6,4,"3","3",4,4,6,4,50,6.67850592676,5.21759427468,4.4387930073,1,1,1,0
"50","3",5,6,"3",4,4,85,7,8.1,"4",9,10,10,85,85,8.3,8.3,"3","3",5,5,6,6,"3","3",4,4,6,6,17,3.83556728988,3.85059850996154,3.85059850996154,1,1,1,0
"57","3",6,6,"3",4,6,74,10,7.6,"2",6,12,9,75,72,8.2,8,"3","3",8,6,6,4,"3","3",6,4,6,4,24,9.10905501848,8.72701843564,8.64167689816092,1,1,1,0
"59","2",5,4,"2",3,2,76,12,7.8,"2",3,10,8,82,80,8.2,8,"3","3",7,5,4,4,"3","3",4,3,4,4,84,6.74708706032,6.63520411616,6.03156863813,1,1,1,0
"60","3",5,4,"2",3,4,74,9,7.6,"2",4,19,8,75,55,8.2,7.7,"3","2",7,5,6,3,"3","2",4,4,4,4,78,8.5817133168,8.2603837994,8.24984307022,1,1,1,0
"61","3",6,4,"3",4,4,75,8,7.8,"0",5,10,8,75,73,8.6,8,"3","2",7,4,6,4,"3","2",5,3,4,4,77,8.6439655132,8.68314400714,8.54777112257,1,1,1,0
"67","3",5,3,"3",4,3,73,10,NA,NA,8,12,6,78,70,NA,NA,"4","2",7,5,4,3,"4","3",4,4,6,3,35,9.28649342304,9.17295035702,8.30744728462,1,1,1,0
"68","3",5,3,"3",3,2,75,9,8,"2",5,8,4,84,77,8.2,8.1,"3","3",7,6,4,4,"3","2",4,4,4,3,72,7.3921476968,7.3023092974,5.78079019721,1,1,1,0
"73","3",5,4,"3",4,3,74,11,7.9,"0",5,13,7,79,68,8.4,8,"3","3",8,4,6,2,"4","3",5,3,6,4,35,9.41770671624,9.18427455162,8.66484552096875,1,1,1,0
"77","3",4,4,"4",3,2,75,9,8,"0",9,15,12,75,72,8.4,8.1,"3","3",8,4,4,3,"3","3",4,3,3,3,25,8.90158283852,9.2159468547,9.16099749239655,1,1,1,0
"80","3",5,4,"3",3,3,76,10,8,"0",6,14,9,75,70,8.6,8,"3","2",8,4,6,1,"3","2",7,4,6,4,46,8.46775871924,8.84244074762,9.17811550245,1,1,1,0
"82","3",7,6,"3",4,4,80,9,7.9,"3",5,8,8,80,80,8.1,8.1,"2","2",7,7,4,4,"3","3",4,4,6,6,59,5.9830982834,5.9534543772,5.94696977271875,1,1,1,0
"90","2",6,6,"2",4,6,80,5,8,"2",7,5,5,85,85,8.2,8.2,"2","2",6,6,6,6,"2","2",4,4,6,6,18,3.25308895164,3.25308895164,3.25308895164,1,1,1,0
